Ticker,Name
MSFT,MICROSOFT CORP
AAPL,APPLE INC
AMZN,AMAZON COM INC
FB,FACEBOOK CLASS A INC
GOOGL,ALPHABET INC CLASS A
GOOG,ALPHABET INC CLASS C
JNJ,JOHNSON & JOHNSON
BRKB,BERKSHIRE HATHAWAY INC CLASS B
V,VISA INC CLASS A
PG,PROCTER & GAMBLE
UNH,UNITEDHEALTH GROUP INC
JPM,JPMORGAN CHASE & CO
HD,HOME DEPOT INC
MA,MASTERCARD INC CLASS A
INTC,INTEL CORPORATION CORP
NVDA,NVIDIA CORP
VZ,VERIZON COMMUNICATIONS INC
NFLX,NETFLIX INC
ADBE,ADOBE INC
T,AT&T INC
PYPL,PAYPAL HOLDINGS INC
DIS,WALT DISNEY
TSLA,TESLA INC
MRK,MERCK & CO INC
CSCO,CISCO SYSTEMS INC
PFE,PFIZER INC
PEP,PEPSICO INC
XOM,EXXON MOBIL CORP
CMCSA,COMCAST CORP CLASS A
BAC,BANK OF AMERICA CORP
WMT,WALMART INC
CRM,SALESFORCE.COM INC
ABBV,ABBVIE INC
KO,COCA-COLA
ABT,ABBOTT LABORATORIES
CVX,CHEVRON CORP
TMO,THERMO FISHER SCIENTIFIC INC
AMGN,AMGEN INC
LLY,ELI LILLY
COST,COSTCO WHOLESALE CORP
MCD,MCDONALDS CORP
ACN,ACCENTURE PLC CLASS A
BMY,BRISTOL MYERS SQUIBB
AVGO,BROADCOM INC
MDT,MEDTRONIC PLC
NEE,NEXTERA ENERGY INC
NKE,NIKE INC CLASS B
TXN,TEXAS INSTRUMENT INC
AMT,AMERICAN TOWER REIT CORP
LIN,LINDE PLC
ORCL,ORACLE CORP
UNP,UNION PACIFIC CORP
DHR,DANAHER CORP
PM,PHILIP MORRIS INTERNATIONAL INC
C,CITIGROUP INC
IBM,INTERNATIONAL BUSINESS MACHINES CO
QCOM,QUALCOMM INC
LOW,LOWES COMPANIES INC
HON,HONEYWELL INTERNATIONAL INC
BA,BOEING
GILD,GILEAD SCIENCES INC
WFC,WELLS FARGO
RTX,RAYTHEON TECHNOLOGIES CORP
MMM,3M
LMT,LOCKHEED MARTIN CORP
SBUX,STARBUCKS CORP
BLK,BLACKROCK INC
FIS,FIDELITY NATIONAL INFORMATION SERV
CVS,CVS HEALTH CORP
SPGI,S&P GLOBAL INC
UPS,UNITED PARCEL SERVICE INC CLASS B
INTU,INTUIT INC
CHTR,CHARTER COMMUNICATIONS INC CLASS A
NOW,SERVICENOW INC
VRTX,VERTEX PHARMACEUTICALS INC
BDX,BECTON DICKINSON
MO,ALTRIA GROUP INC
MDLZ,MONDELEZ INTERNATIONAL INC CLASS A
CCI,CROWN CASTLE INTERNATIONAL REIT CO
PLD,PROLOGIS REIT INC
CAT,CATERPILLAR INC
BKNG,BOOKING HOLDINGS INC
CI,CIGNA CORP
ISRG,INTUITIVE SURGICAL INC
ANTM,ANTHEM INC
ZTS,ZOETIS INC CLASS A
REGN,REGENERON PHARMACEUTICALS INC
EQIX,EQUINIX REIT INC
CL,COLGATE-PALMOLIVE
ADP,AUTOMATIC DATA PROCESSING INC
D,DOMINION ENERGY INC
AMD,ADVANCED MICRO DEVICES INC
GS,GOLDMAN SACHS GROUP INC
AXP,AMERICAN EXPRESS
TJX,TJX INC
ATVI,ACTIVISION BLIZZARD INC
TMUS,T MOBILE US INC
CME,CME GROUP INC CLASS A
DUK,DUKE ENERGY CORP
TGT,TARGET CORP
GE,GENERAL ELECTRIC
APD,AIR PRODUCTS AND CHEMICALS INC
SYK,STRYKER CORP
CB,CHUBB LTD
MS,MORGAN STANLEY
AMAT,APPLIED MATERIAL INC
SO,SOUTHERN
MMC,MARSH & MCLENNAN INC
MU,MICRON TECHNOLOGY INC
ILMN,ILLUMINA INC
FISV,FISERV INC
CSX,CSX CORP
ADSK,AUTODESK INC
HUM,HUMANA INC
ECL,ECOLAB INC
ICE,INTERCONTINENTAL EXCHANGE INC
ITW,ILLINOIS TOOL INC
GPN,GLOBAL PAYMENTS INC
NEM,NEWMONT
DE,DEERE
BSX,BOSTON SCIENTIFIC CORP
USB,US BANCORP
KMB,KIMBERLY CLARK CORP
LRCX,LAM RESEARCH CORP
TFC,TRUIST FINANCIAL CORP
SHW,SHERWIN WILLIAMS
DG,DOLLAR GENERAL CORP
NOC,NORTHROP GRUMMAN CORP
MCO,MOODYS CORP
PGR,PROGRESSIVE CORP
ADI,ANALOG DEVICES INC
NSC,NORFOLK SOUTHERN CORP
AON,AON PLC CLASS A
BIIB,BIOGEN INC
COP,CONOCOPHILLIPS
BAX,BAXTER INTERNATIONAL INC
SQ,SQUARE INC CLASS A
EL,ESTEE LAUDER INC CLASS A
EW,EDWARDS LIFESCIENCES CORP
PNC,PNC FINANCIAL SERVICES GROUP INC
ROP,ROPER TECHNOLOGIES INC
AEP,AMERICAN ELECTRIC POWER INC
WM,WASTE MANAGEMENT INC
DXCM,DEXCOM INC
DLR,DIGITAL REALTY TRUST REIT INC
DD,DUPONT DE NEMOURS INC
SCHW,CHARLES SCHWAB CORP
EA,ELECTRONIC ARTS INC
FDX,FEDEX CORP
CNC,CENTENE CORP
GIS,GENERAL MILLS INC
EBAY,EBAY INC
EMR,EMERSON ELECTRIC
EXC,EXELON CORP
LHX,L3HARRIS TECHNOLOGIES INC
BX,BLACKSTONE GROUP INC CLASS A
LULU,LULULEMON ATHLETICA INC
ETN,EATON PLC
SRE,SEMPRA ENERGY
SBAC,SBA COMMUNICATIONS REIT CORP CLASS
GD,GENERAL DYNAMICS CORP
XEL,XCEL ENERGY INC
VEEV,VEEVA SYSTEMS INC CLASS A
NXPI,NXP SEMICONDUCTORS NV
GM,GENERAL MOTORS
KLAC,KLA CORP
ORLY,OREILLY AUTOMOTIVE INC
WDAY,WORKDAY INC CLASS A
SPLK,SPLUNK INC
WBA,WALGREEN BOOTS ALLIANCE INC
DOW,DOW INC
STZ,CONSTELLATION BRANDS INC CLASS A
ROST,ROSS STORES INC
INFO,IHS MARKIT LTD
BK,BANK OF NEW YORK MELLON CORP
CTSH,COGNIZANT TECHNOLOGY SOLUTIONS COR
TWLO,TWILIO INC CLASS A
MSCI,MSCI INC
SNPS,SYNOPSYS INC
ALL,ALLSTATE CORP
PSA,PUBLIC STORAGE REIT
IDXX,IDEXX LABORATORIES INC
CSGP,COSTAR GROUP INC
CMG,CHIPOTLE MEXICAN GRILL INC
APH,AMPHENOL CORP CLASS A
ES,EVERSOURCE ENERGY
TRV,TRAVELERS COMPANIES INC
KMI,KINDER MORGAN INC
PSX,PHILLIPS
EOG,EOG RESOURCES INC
CLX,CLOROX
TROW,T ROWE PRICE GROUP INC
RMD,RESMED INC
VRSK,VERISK ANALYTICS INC
WEC,WEC ENERGY GROUP INC
MET,METLIFE INC
A,AGILENT TECHNOLOGIES INC
CDNS,CADENCE DESIGN SYSTEMS INC
COF,CAPITAL ONE FINANCIAL CORP
SYY,SYSCO CORP
TEL,TE CONNECTIVITY LTD
MNST,MONSTER BEVERAGE CORP
KR,KROGER
AZO,AUTOZONE INC
PCAR,PACCAR INC
TWTR,TWITTER INC
YUM,YUM BRANDS INC
ANSS,ANSYS INC
CMI,CUMMINS INC
MCHP,MICROCHIP TECHNOLOGY INC
DOCU,DOCUSIGN INC
PPG,PPG INDUSTRIES INC
USD,USD CASH
SLB,SCHLUMBERGER NV
JCI,JOHNSON CONTROLS INTERNATIONAL PLC
WLTW,WILLIS TOWERS WATSON PLC
HCA,HCA HEALTHCARE INC
PEG,PUBLIC SERVICE ENTERPRISE GROUP IN
FAST,FASTENAL
IQV,IQVIA HOLDINGS INC
AIG,AMERICAN INTERNATIONAL GROUP INC
ALXN,ALEXION PHARMACEUTICALS INC
XTSLA,BLK CSH FND TREASURY SL AGENCY
AFL,AFLAC INC
ROK,ROCKWELL AUTOMATION INC
ZBH,ZIMMER BIOMET HOLDINGS INC
ED,CONSOLIDATED EDISON INC
XLNX,XILINX INC
OKTA,OKTA INC CLASS A
MAR,MARRIOTT INTERNATIONAL INC CLASS A
HPQ,HP INC
F,FORD MOTOR CO
PRU,PRUDENTIAL FINANCIAL INC
BLL,BALL CORP
PAYX,PAYCHEX INC
AWK,AMERICAN WATER WORKS INC
MCK,MCKESSON CORP
MRVL,MARVELL TECHNOLOGY GROUP LTD
PH,PARKER-HANNIFIN CORP
WMB,WILLIAMS INC
BMRN,BIOMARIN PHARMACEUTICAL INC
OTIS,OTIS WORLDWIDE CORP
CTAS,CINTAS CORP
MKC,MCCORMICK & CO NON-VOTING INC
PANW,PALO ALTO NETWORKS INC
MPC,MARATHON PETROLEUM CORP
MSI,MOTOROLA SOLUTIONS INC
STT,STATE STREET CORP
AVB,AVALONBAY COMMUNITIES REIT INC
RNG,RINGCENTRAL INC CLASS A
TT,TRANE TECHNOLOGIES PLC
SWKS,SKYWORKS SOLUTIONS INC
ADM,ARCHER DANIELS MIDLAND
SWK,STANLEY BLACK & DECKER INC
FE,FIRSTENERGY CORP
VRSN,VERISIGN INC
DLTR,DOLLAR TREE INC
VLO,VALERO ENERGY CORP
CERN,CERNER CORP
TDG,TRANSDIGM GROUP INC
FLT,FLEETCOR TECHNOLOGIES INC
APTV,APTIV PLC
WELL,WELLTOWER INC
EFX,EQUIFAX INC
EIX,EDISON INTERNATIONAL
HLT,HILTON WORLDWIDE HOLDINGS INC
DTE,DTE ENERGY
SGEN,SEATTLE GENETICS INC
FTV,FORTIVE CORP
MTCH,MATCH GROUP INC
MKTX,MARKETAXESS HOLDINGS INC
SNAP,SNAP INC CLASS A
ARE,ALEXANDRIA REAL ESTATE EQUITIES RE
AME,AMETEK INC
CTVA,CORTEVA INC
SPG,SIMON PROPERTY GROUP REIT INC
EQR,EQUITY RESIDENTIAL REIT
GLW,CORNING INC
O,REALTY INCOME REIT CORP
KHC,KRAFT HEINZ
ALGN,ALIGN TECHNOLOGY INC
MTD,METTLER TOLEDO INC
BBY,BEST BUY INC
LBRDK,LIBERTY BROADBAND CORP SERIES C
PPL,PPL CORP
CARR,CARRIER GLOBAL CORP
INCY,INCYTE CORP
COUP,COUPA SOFTWARE INC
CHD,CHURCH AND DWIGHT INC
HSY,HERSHEY FOODS
ETR,ENTERGY CORP
DHI,D R HORTON INC
AJG,ARTHUR J GALLAGHER
VFC,VF CORP
FCX,FREEPORT MCMORAN INC
KEYS,KEYSIGHT TECHNOLOGIES INC
FTNT,FORTINET INC
TTD,TRADE DESK INC CLASS A
ALNY,ALNYLAM PHARMACEUTICALS INC
AKAM,AKAMAI TECHNOLOGIES INC
AEE,AMEREN CORP
MRNA,MODERNA INC
AMP,AMERIPRISE FINANCE INC
LUV,SOUTHWEST AIRLINES
FRC,FIRST REPUBLIC BANK
CPRT,COPART INC
KKR,KKR AND CO INC
CAG,CONAGRA BRANDS INC
CTXS,CITRIX SYSTEMS INC
TSN,TYSON FOODS INC CLASS A
LYB,LYONDELLBASELL INDUSTRIES NV CLASS
CMS,CMS ENERGY CORP
TFX,TELEFLEX INC
K,KELLOGG
LEN,LENNAR A CORP
LH,LABORATORY CORPORATION OF AMERICA
WST,WEST PHARMACEUTICAL SERVICES INC
ODFL,OLD DOMINION FREIGHT LINE INC
RSG,REPUBLIC SERVICES INC
TRU,TRANSUNION
TTWO,TAKE TWO INTERACTIVE SOFTWARE INC
AMCR,AMCOR PLC
CDW,CDW CORP
TDOC,TELADOC HEALTH INC
WY,WEYERHAEUSER REIT
MXIM,MAXIM INTEGRATED PRODUCTS INC
VMC,VULCAN MATERIALS
NTRS,NORTHERN TRUST CORP
PXD,PIONEER NATURAL RESOURCE
OXY,OCCIDENTAL PETROLEUM CORP
DGX,QUEST DIAGNOSTICS INC
TSCO,TRACTOR SUPPLY
W,WAYFAIR INC CLASS A
DAL,DELTA AIR LINES INC
LVS,LAS VEGAS SANDS CORP
PAYC,PAYCOM SOFTWARE INC
HOLX,HOLOGIC INC
CBRE,CBRE GROUP INC CLASS A
INVH,INVITATION HOMES INC
DPZ,DOMINOS PIZZA INC
DFS,DISCOVER FINANCIAL SERVICES
ESS,ESSEX PROPERTY TRUST REIT INC
PEAK,HEALTHPEAK PROPERTIES INC
KMX,CARMAX INC
BR,BROADRIDGE FINANCIAL SOLUTIONS INC
CAH,CARDINAL HEALTH INC
EPAM,EPAM SYSTEMS INC
TYL,TYLER TECHNOLOGIES INC
ABC,AMERISOURCEBERGEN CORP
GRMN,GARMIN LTD
IP,INTERNATIONAL PAPER
COO,COOPER INC
TER,TERADYNE INC
NDAQ,NASDAQ INC
DOV,DOVER CORP
JKHY,JACK HENRY AND ASSOCIATES INC
ZBRA,ZEBRA TECHNOLOGIES CORP CLASS A
EVRG,EVERGY INC
KSU,KANSAS CITY SOUTHERN
GWW,WW GRAINGER INC
PODD,INSULET CORP
TIF,TIFFANY
SUI,SUN COMMUNITIES REIT INC
IFF,INTERNATIONAL FLAVORS & FRAGRANCES
HRL,HORMEL FOODS CORP
ETSY,ETSY INC
FMC,FMC CORP
HIG,HARTFORD FINANCIAL SERVICES GROUP
VTR,VENTAS REIT INC
QRVO,QORVO INC
MAS,MASCO CORP
EXPD,EXPEDITORS INTERNATIONAL OF WASHIN
MAA,MID AMERICA APARTMENT COMMUNITIES
MLM,MARTIN MARIETTA MATERIALS INC
FITB,FIFTH THIRD BANCORP
DRE,DUKE REALTY REIT CORP
STE,STERIS
HES,HESS CORP
SSNC,SS AND C TECHNOLOGIES HOLDINGS INC
FDS,FACTSET RESEARCH SYSTEMS INC
BXP,BOSTON PROPERTIES REIT INC
MTB,M&T BANK CORP
EXR,EXTRA SPACE STORAGE REIT INC
NUE,NUCOR CORP
GPC,GENUINE PARTS
WDC,WESTERN DIGITAL CORP
MKL,MARKEL CORP
BURL,BURLINGTON STORES INC
NBIX,NEUROCRINE BIOSCIENCES INC
VIAC,VIACOMCBS INC CLASS B
LNT,ALLIANT ENERGY CORP
IEX,IDEX CORP
EXAS,EXACT SCIENCES CORP
OKE,ONEOK INC
ATO,ATMOS ENERGY CORP
SJM,JM SMUCKER
OMC,OMNICOM GROUP INC
SRPT,SAREPTA THERAPEUTICS INC
LDOS,LEIDOS HOLDINGS INC
FICO,FAIR ISAAC CORP
HPE,HEWLETT PACKARD ENTERPRISE
ABMD,ABIOMED INC
ROKU,ROKU INC CLASS A
LNG,CHENIERE ENERGY INC
CTLT,CATALENT INC
XYL,XYLEM INC
SYF,SYNCHRONY FINANCIAL
BFB,BROWN FORMAN CORP CLASS B
EXPE,EXPEDIA GROUP INC
MASI,MASIMO CORP
GDDY,GODADDY INC CLASS A
NVR,NVR INC
WPC,W. P. CAREY REIT INC
VMW,VMWARE CLASS A INC
ANET,ARISTA NETWORKS INC
ELS,EQUITY LIFESTYLE PROPERTIES REIT I
WAT,WATER CORP
ULTA,ULTA BEAUTY INC
KEY,KEYCORP
HAL,HALLIBURTON
HZNP,HORIZON THERAPEUTICS PUBLIC PLC
ACGL,ARCH CAPITAL GROUP LTD
UDR,UDR REIT INC
POOL,POOL CORP
PKI,PERKINELMER INC
ETFC,E TRADE FINANCIAL CORP
TDY,TELEDYNE TECHNOLOGIES INC
VAR,VARIAN MEDICAL SYSTEMS INC
SIVB,SVB FINANCIAL GROUP
IT,GARTNER INC
J,JACOBS ENGINEERING GROUP INC
BKI,BLACK KNIGHT INC
URI,UNITED RENTALS INC
CNP,CENTERPOINT ENERGY INC
CHRW,CH ROBINSON WORLDWIDE INC
NLOK,NORTONLIFELOCK INC
MOH,MOLINA HEALTHCARE INC
CBOE,CBOE GLOBAL MARKETS INC
STX,SEAGATE TECHNOLOGY PLC
WAB,WESTINGHOUSE AIR BRAKE TECHNOLOGIE
PFG,PRINCIPAL FINANCIAL GROUP INC
TECH,BIO TECHNE CORP
CINF,CINCINNATI FINANCIAL CORP
BAH,BOOZ ALLEN HAMILTON HOLDING CORP C
APO,APOLLO GLOBAL MANAGEMENT INC CLASS
CE,CELANESE CORP
TRMB,TRIMBLE INC
CGNX,COGNEX CORP
JBHT,JB HUNT TRANSPORT SERVICES INC
CFG,CITIZENS FINANCIAL GROUP INC
ZEN,ZENDESK INC
MPWR,MONOLITHIC POWER SYSTEMS INC
CXO,CONCHO RESOURCES INC
BIO,BIO RAD LABORATORIES INC CLASS A
IR,INGERSOLL RAND INC
RF,REGIONS FINANCIAL CORP
KDP,KEURIG DR PEPPER INC
BKR,BAKER HUGHES CLASS A
NDSN,NORDSON CORP
HUBS,HUBSPOT INC
XRAY,DENTSPLY SIRONA INC
RPM,RPM INTERNATIONAL INC
EMN,EASTMAN CHEMICAL
ZNGA,ZYNGA INC CLASS A
CTL,CENTURYLINK INC
AAP,ADVANCE AUTO PARTS INC
PKG,PACKAGING CORP OF AMERICA
WTRG,ESSENTIAL UTILITIES INC
AMTD,TD AMERITRADE HOLDING CORP
AVLR,AVALARA INC
MPW,MEDICAL PROPERTIES TRUST REIT INC
AVY,AVERY DENNISON CORP
NTAP,NETAPP INC
BRO,BROWN & BROWN INC
DRI,DARDEN RESTAURANTS INC
AES,AES CORP
NLY,ANNALY CAPITAL MANAGEMENT REIT INC
CABO,CABLE ONE INC
GWRE,GUIDEWIRE SOFTWARE INC
VICI,VICI PPTYS INC
IAC,IAC INTERACTIVE
HAS,HASBRO INC
NI,NISOURCE INC
ALLE,ALLEGION PLC
CONE,CYRUSONE REIT INC
LW,LAMB WESTON HOLDINGS INC
AYX,ALTERYX INC CLASS A
WU,WESTERN UNION
CRL,CHARLES RIVER LABORATORIES INTERNA
FBHS,FORTUNE BRANDS HOME AND SECURITY I
CCK,CROWN HOLDINGS INC
Z,ZILLOW GROUP INC CLASS C
CPT,CAMDEN PROPERTY TRUST REIT
FNF,FIDELITY NATIONAL FINANCIAL INC
CIEN,CIENA CORP
LBTYK,LIBERTY GLOBAL PLC CLASS C
QDEL,QUIDEL CORP
PNW,PINNACLE WEST CORP
VST,VISTRA CORP
FOXA,FOX CORP CLASS A
WHR,WHIRLPOOL CORP
HBAN,HUNTINGTON BANCSHARES INC
LII,LENNOX INTERNATIONAL INC
CPB,CAMPBELL SOUP
ELAN,ELANCO ANIMAL HEALTH INC
IMMU,IMMUNOMEDICS INC
CHGG,CHEGG INC
PHM,PULTEGROUP INC
DISH,DISH NETWORK CORP CLASS A
CDAY,CERIDIAN HCM HOLDING INC
ALB,ALBEMARLE CORP
HSIC,HENRY SCHEIN INC
RJF,RAYMOND JAMES INC
RCL,ROYAL CARIBBEAN CRUISES LTD
RNR,RENAISSANCERE HOLDING LTD
WRB,WR BERKLEY CORP
MYL,MYLAN NV
PTC,PTC INC
L,LOEWS CORP
UAL,UNITED AIRLINES HOLDINGS INC
MDB,MONGODB INC CLASS A
GGG,GRACO INC
SIRI,SIRIUS XM HOLDINGS INC
RGLD,ROYAL GOLD INC
FFIV,F5 NETWORKS INC
ENTG,ENTEGRIS INC
DELL,DELL TECHNOLOGIES INC CLASS C
MGM,MGM RESORTS INTERNATIONAL
RE,EVEREST RE GROUP LTD
IONS,IONIS PHARMACEUTICALS INC
HST,HOST HOTELS & RESORTS REIT INC
NRG,NRG ENERGY INC
ATR,APTARGROUP INC
ON,ON SEMICONDUCTOR CORP
EQH,EQUITABLE HOLDINGS INC
GNRC,GENERAC HOLDINGS INC
LKQ,LKQ CORP
ZM,ZOOM VIDEO COMMUNICATIONS INC CLAS
SEDG,SOLAREDGE TECHNOLOGIES INC
JNPR,JUNIPER NETWORKS INC
HRC,HILL ROM HOLDINGS INC
ALLY,ALLY FINANCIAL INC
COLD,AMERICOLD REALTY TRUST
DKNG,DRAFTKINGS INC CLASS A
IRM,IRON MOUNTAIN INC
CHE,CHEMED CORP
PRGO,PERRIGO PLC
SNA,SNAP ON INC
CVNA,CARVANA CLASS A
TREX,TREX INC
REG,REGENCY CENTERS REIT CORP
DVA,DAVITA INC
EXEL,EXELIXIS INC
ZS,ZSCALER INC
GLIBA,GCI LIBERTY INC CLASS A
MTN,VAIL RESORTS INC
WRK,WESTROCK
GL,GLOBE LIFE INC
BWA,BORGWARNER INC
NUAN,NUANCE COMMUNICATIONS INC
AMH,AMERICAN HOMES RENT REIT CLASS A
Y,ALLEGHANY CORP
HUBB,HUBBELL INC
WYNN,WYNN RESORTS LTD
FIVN,FIVE9 INC
HII,HUNTINGTON INGALLS INDUSTRIES INC
AGNC,AGNC INVESTMENT REIT CORP
AZPN,ASPEN TECHNOLOGY INC
TXT,TEXTRON INC
TTC,TORO
COG,CABOT OIL & GAS CORP
XPO,XPO LOGISTICS INC
VER,VEREIT INC
UHS,UNIVERSAL HEALTH SERVICES INC CLAS
SCI,SERVICE
GLPI,GAMING AND LEISURE PROPERTIES REIT
CCL,CARNIVAL CORP
LNC,LINCOLN NATIONAL CORP
AOS,A O SMITH CORP
SEIC,SEI INVESTMENTS
ROL,ROLLINS INC
OHI,OMEGA HEALTHCARE INVESTORS REIT IN
LYFT,LYFT INC CLASS A
OLED,UNIVERSAL DISPLAY CORP
UBER,UBER TECHNOLOGIES INC
IPG,INTERPUBLIC GROUP OF COMPANIES INC
ACAD,ACADIA PHARMACEUTICALS INC
WEX,WEX INC
CREE,CREE INC
AMED,AMEDISYS INC
DT,DYNATRACE INC
WSM,WILLIAMS SONOMA INC
FWONK,LIBERTY MEDIA FORMULA ONE CORP SER
CZR,CAESARS ENTERTAINMENT CORP
PFPT,PROOFPOINT INC
BFAM,BRIGHT HORIZONS FAMILY SOLUTIONS I
NVAX,NOVAVAX INC
UGI,UGI CORP
MKSI,MKS INSTRUMENTS INC
CSL,CARLISLE COMPANIES INC
CF,CF INDUSTRIES HOLDINGS INC
TAP,MOLSON COORS BREWING CLASS B
ATUS,ALTICE USA INC CLASS A
FANG,DIAMONDBACK ENERGY INC
GNTX,GENTEX CORP
PEN,PENUMBRA INC
LITE,LUMENTUM HOLDINGS INC
LYV,LIVE NATION ENTERTAINMENT INC
NYT,NEW YORK TIMES CLASS A
GRUB,GRUBHUB INC
RS,RELIANCE STEEL & ALUMINUM
PNR,PENTAIR
IPHI,INPHI CORP
KRC,KILROY REALTY REIT CORP
EHC,ENCOMPASS HEALTH CORP
NWL,NEWELL BRANDS INC
OGE,OGE ENERGY CORP
AAL,AMERICAN AIRLINES GROUP INC
AIZ,ASSURANT INC
LSXMK,LIBERTY MEDIA LIBERTY SIRIUSXM COR
PRAH,PRA HEALTH SCIENCES INC
NNN,NATIONAL RETAIL PROPERTIES REIT IN
TNDM,TANDEM DIABETES CARE INC
WSO,WATSCO INC
JAZZ,JAZZ PHARMACEUTICALS PLC
CLGX,CORELOGIC INC
HTA,HEALTHCARE TRUST OF AMERICA REIT I
ACM,AECOM
BERY,BERRY GLOBAL GROUP INC
VOYA,VOYA FINANCIAL INC
RHI,ROBERT HALF
HWM,HOWMET AEROSPACE INC
INGR,INGREDION INC
LPLA,LPL FINANCIAL HOLDINGS INC
OC,OWENS CORNING
SAM,BOSTON BEER INC CLASS A
KNX,KNIGHT-SWIFT TRANSPORTATION HOLDIN
RGEN,REPLIGEN CORP
FIVE,FIVE BELOW INC
ST,SENSATA TECHNOLOGIES HOLDING PLC
MHK,MOHAWK INDUSTRIES INC
LEA,LEAR CORP
OLLI,OLLIES BARGAIN OUTLET HOLDINGS INC
SBNY,SIGNATURE BANK
DCI,DONALDSON INC
MANH,MANHATTAN ASSOCIATES INC
IPGP,IPG PHOTONICS CORP
SMG,SCOTTS MIRACLE GRO
DISCK,DISCOVERY INC SERIES C
FRT,FEDERAL REALTY INVESTMENT TRUST RE
HDS,HD SUPPLY HOLDINGS INC
HEIA,HEICO CORP CLASS A
VNO,VORNADO REALTY TRUST REIT
AAXN,AXON ENTERPRISE INC
LHCG,LHC GROUP INC
AIV,APARTMENT INVESTMENT AND MANAGEMEN
BEN,FRANKLIN RESOURCES INC
CASY,CASEYS GENERAL STORES INC
LAMR,LAMAR ADVERTISING COMPANY CLAS
RP,REALPAGE INC
BG,BUNGE LTD
XLRN,ACCELERON PHARMA INC
CBSH,COMMERCE BANCSHARES INC
CACC,CREDIT ACCEPTANCE CORP
THO,THOR INDUSTRIES INC
PCTY,PAYLOCITY HOLDING CORP
KIM,KIMCO REALTY REIT CORP
STLD,STEEL DYNAMICS INC
PWR,QUANTA SERVICES INC
ARW,ARROW ELECTRONICS INC
POST,POST HOLDINGS INC
RARE,ULTRAGENYX PHARMACEUTICAL INC
G,GENPACT LTD
FLIR,FLIR SYSTEMS INC
JLL,JONES LANG LASALLE INC
SRCL,STERICYCLE INC
STOR,STORE CAPITAL CORP
BWXT,BWX TECHNOLOGIES INC
ZION,ZIONS BANCORPORATION
CACI,CACI INTERNATIONAL INC CLASS A
ARMK,ARAMARK
SEE,SEALED AIR CORP
DECK,DECKERS OUTDOOR CORP
DBX,DROPBOX INC CLASS A
LECO,LINCOLN ELECTRIC HOLDINGS INC
ALV,AUTOLIV INC
COR,CORESITE REALTY REIT CORP
DNKN,DUNKIN BRANDS GROUP INC
PB,PROSPERITY BANCSHARES INC
PII,POLARIS INC
EVBG,EVERBRIDGE INC
UTHR,UNITED THERAPEUTICS CORP
NLSN,NIELSEN HOLDINGS PLC
EEFT,EURONET WORLDWIDE INC
CUBE,CUBESMART REIT
SON,SONOCO PRODUCTS
HELE,HELEN OF TROY LTD
ITT,ITT INC
NWSA,NEWS CORP CLASS A
REXR,REXFORD INDUSTRIAL REALTY REIT INC
SMAR,SMARTSHEET INC CLASS A
IAA,IAA INC
AVTR,AVANTOR INC
OSK,OSHKOSH CORP
FAF,FIRST AMERICAN FINANCIAL CORP
MYOK,MYOKARDIA INC
FR,FIRST INDUSTRIAL REALTY TRUST INC
CDK,CDK GLOBAL INC
SITE,SITEONE LANDSCAPE SUPPLY INC
DEI,DOUGLAS EMMETT REIT INC
BC,BRUNSWICK CORP
PBCT,PEOPLES UNITED FINANCIAL INC
ORI,OLD REPUBLIC INTERNATIONAL CORP
BJ,BJAS WHOLESALE CLUB HOLDINGS INC
SERV,SERVICEMASTER GLOBAL HOLDINGS INC
RGA,REINSURANCE GROUP OF AMERICA INC
EGP,EASTGROUP PROPERTIES REIT INC
EWBC,EAST WEST BANCORP INC
SNX,SYNNEX CORP
CMA,COMERICA INC
PRI,PRIMERICA INC
APA,APACHE CORP
MRTX,MIRATI THERAPEUTICS INC
AXTA,AXALTA COATING SYSTEMS LTD
HAE,HAEMONETICS CORP
LEG,LEGGETT & PLATT INC
FHN,FIRST HORIZON NATIONAL CORP
PLNT,PLANET FITNESS INC CLASS A
WING,WINGSTOP INC
KMPR,KEMPER CORP
MOS,MOSAIC
NYCB,NEW YORK COMMUNITY BANCORP INC
ASH,ASHLAND GLOBAL
MDU,MDU RESOURCES GROUP INC
IDA,IDACORP INC
MRO,MARATHON OIL CORP
MSFUT,CASH COLLATERAL MSFUT USD
HLF,HERBALIFE NUTRITION LTD
ARWR,ARROWHEAD PHARMACEUTICALS INC
GH,GUARDANT HEALTH INC
LOGM,LOGMEIN INC
QTWO,Q2 HOLDINGS INC
ALK,ALASKA AIR GROUP INC
CHDN,CHURCHILL DOWNS INC
FLO,FLOWERS FOODS INC
LOPE,GRAND CANYON EDUCATION INC
ACC,AMERICAN CAMPUS COMMUNITIES REIT I
MMS,MAXIMUS INC
NOV,NATIONAL OILWELL VARCO INC
JBL,JABIL INC
LSI,LIFE STORAGE INC
NATI,NATIONAL INSTRUMENTS CORP
BRKR,BRUKER CORP
NEO,NEOGENOMICS INC
RH,RH
AFG,AMERICAN FINANCIAL GROUP INC
STAG,STAG INDUSTRIAL REIT INC
SLAB,SILICON LABORATORIES INC
FOLD,AMICUS THERAPEUTICS INC
TTEK,TETRA TECH INC
BPMC,BLUEPRINT MEDICINES CORP
TRGP,TARGA RESOURCES CORP
TCF,TCF FINANCIAL CORP
NBL,NOBLE ENERGY INC
LSTR,LANDSTAR SYSTEM INC
NEOG,NEOGEN CORP
FFIN,FIRST FINANCIAL BANKSHARES INC
NKTR,NEKTAR THERAPEUTICS
MRCY,MERCURY SYSTEMS INC
USFD,US FOODS HOLDING CORP
TW,TRADEWEB MARKETS INC CLASS A
CFR,CULLEN FROST BANKERS INC
DVN,DEVON ENERGY CORP
PSTG,PURE STORAGE INC CLASS A
PLAN,ANAPLAN INC
EXPO,EXPONENT INC
CUZ,COUSINS PROPERTIES REIT INC
DLB,DOLBY LABORATORIES INC CLASS A
FSLR,FIRST SOLAR INC
PEGA,PEGASYSTEMS INC
MIDD,MIDDLEBY CORP
WMGI,WRIGHT MEDICAL GROUP NV
BLUE,BLUEBIRD BIO INC
WEN,WENDYS
WWD,WOODWARD INC
LFUS,LITTELFUSE INC
IOVA,IOVANCE BIOTHERAPEUTICS INC
FCN,FTI CONSULTING INC
FOX,FOX CORP CLASS B
ETRN,EQUITRANS MIDSTREAM CORP
EV,EATON VANCE COM NON VOTING CORP
DXC,DXC TECHNOLOGY
MAN,MANPOWER INC
IVZ,INVESCO LTD
NVRO,NEVRO CORP
FND,FLOOR DECOR HOLDINGS INC CLASS A
HR,HEALTHCARE REALTY TRUST REIT INC
LM,LEGG MASON INC
GPK,GRAPHIC PACKAGING HOLDING
HFC,HOLLYFRONTIER CORP
AWI,ARMSTRONG WORLD INDUSTRIES INC
SLG,SL GREEN REALTY REIT CORP
ENV,ENVESTNET INC
HQY,HEALTHEQUITY INC
RETA,REATA PHARMACEUTICALS INC CLASS A
NVTA,INVITAE CORP
QRTEA,QURATE RETAIL INC SERIES A
HBI,HANESBRANDS INC
HEI,HEICO CORP
ALSN,ALLISON TRANSMISSION HOLDINGS INC
OGS,ONE GAS INC
CCMP,CABOT MICROELECTRONICS CORP
GBT,GLOBAL BLOOD THERAPEUTICS INC
ENPH,ENPHASE ENERGY INC
IIVI,II VI INC
WH,WYNDHAM HOTELS RESORTS INC
INO,INOVIO PHARMACEUTICALS INC
BL,BLACKLINE INC
HXL,HEXCEL CORP
QTS,QTS REALTY REIT INC TRUST CLASS A
PFGC,PERFORMANCE FOOD GROUP
SKX,SKECHERS USA INC CLASS A
MNTA,MOMENTA PHARMACEUTICALS INC
HIW,HIGHWOODS PROPERTIES REIT INC
CRUS,CIRRUS LOGIC INC
NCLH,NORWEGIAN CRUISE LINE HOLDINGS LTD
SAIC,SCIENCE APPLICATIONS INTERNATIONAL
PENN,PENN NATIONAL GAMING INC
CRI,CARTERS INC
STWD,STARWOOD PROPERTY TRUST REIT INC
EBS,EMERGENT BIOSOLUTIONS INC
LSCC,LATTICE SEMICONDUCTOR CORP
MSA,MSA SAFETY INC
FLS,FLOWSERVE CORP
CW,CURTISS WRIGHT CORP
RDFN,REDFIN CORP
DAR,DARLING INGREDIENTS INC
ERIE,ERIE INDEMNITY CLASS A
RBC,REGAL BELOIT CORP
HE,HAWAIIAN ELECTRIC INDUSTRIES INC
NXST,NEXSTAR MEDIA GROUP INC CLASS A
ICUI,ICU MEDICAL INC
SWX,SOUTHWEST GAS HOLDINGS INC
DOC,PHYSICIANS REALTY TRUST REIT
ATH,ATHENE HOLDING LTD CLASS A
QLYS,QUALYS INC
HUN,HUNTSMAN CORP
LAD,LITHIA MOTORS INC CLASS A
NFG,NATIONAL FUEL GAS
HOG,HARLEY DAVIDSON INC
TOL,TOLL BROTHERS INC
NEWR,NEW RELIC INC
IBKR,INTERACTIVE BROKERS GROUP INC CLAS
FGEN,FIBROGEN INC
EQC,EQUITY COMMONWEALTH REIT
RPRX,ROYALTY PHARMA PLC CLASS A
BRX,BRIXMOR PROPERTY GROUP REIT INC
TPR,TAPESTRY INC
POR,PORTLAND GENERAL ELECTRIC
FTDR,FRONTDOOR INC
ARNA,ARENA PHARMACEUTICALS INC
ADC,AGREE REALTY REIT CORP
LBTYA,LIBERTY GLOBAL PLC CLASS A
TRNO,TERRENO REALTY REIT CORP
VVV,VALVOLINE INC
EQT,EQT CORP
NOVT,NOVANTA INC
BLD,TOPBUILD CORP
VRNS,VARONIS SYSTEMS INC
BHVN,BIOHAVEN PHARMACEUTICAL HOLDING CO
HPP,HUDSON PACIFIC PROPERTIES REIT INC
AYI,ACUITY BRANDS INC
LB,L BRANDS INC
BKH,BLACK HILLS CORP
RYN,RAYONIER REIT INC
SYNH,SYNEOS HEALTH INC CLASS A
MAT,MATTEL INC
AGCO,AGCO CORP
RXN,REXNORD CORP
EME,EMCOR GROUP INC
POWI,POWER INTEGRATIONS INC
AMG,AFFILIATED MANAGERS GROUP INC
AXS,AXIS CAPITAL HOLDINGS LTD
STMP,STAMPS.COM INC
UNM,UNUM
NTNX,NUTANIX INC CLASS A
RLI,RLI CORP
NTRA,NATERA INC
ASGN,ASGN INC
PTCT,PTC THERAPEUTICS INC
SR,SPIRE INC
THG,HANOVER INSURANCE GROUP INC
JBGS,JBG SMITH PROPERTIES
FRPT,FRESHPET INC
NVST,ENVISTA HOLDINGS CORP
WAL,WESTERN ALLIANCE
COHR,COHERENT INC
SRC,SPIRIT REALTY CAPITAL REIT INC
STRA,STRATEGIC EDUCATION INC
JEF,JEFFERIES FINANCIAL GROUP INC
CCOI,COGENT COMMUNICATIONS HOLDINGS INC
ESNT,ESSENT GROUP LTD
MORN,MORNINGSTAR INC
SMTC,SEMTECH CORP
MSM,MSC INDUSTRIAL INC CLASS A
PVH,PVH CORP
PE,PARSLEY ENERGY INC CLASS A
IART,INTEGRA LIFESCIENCES HOLDINGS CORP
ROLL,RBC BEARINGS INC
LANC,LANCASTER COLONY CORP
BCPC,BALCHEM CORP
FOXF,FOX FACTORY HOLDING CORP
GMED,GLOBUS MEDICAL INC CLASS A
FL,FOOT LOCKER INC
DISCA,DISCOVERY INC SERIES A
KSS,KOHLS CORP
EXP,EAGLE MATERIALS INC
SSB,SOUTH STATE CORP
KNSL,KINSALE CAPITAL GROUP INC
HALO,HALOZYME THERAPEUTICS INC
ERI,ELDORADO RESORTS INC
SF,STIFEL FINANCIAL CORP
CNNE,CANNAE HOLDINGS INC
JHG,JANUS HENDERSON GROUP PLC
LAZ,LAZARD LTD CLASS A
BFA,BROWN FORMAN CORP CLASS A
ORA,ORMAT TECH INC
RL,RALPH LAUREN CORP CLASS A
BOX,BOX INC CLASS A
RAMP,LIVERAMP HOLDINGS INC
BPOP,POPULAR INC
CG,CARLYLE GROUP INC
NVT,NVENT ELECTRIC PLC
TXRH,TEXAS ROADHOUSE INC
VAC,MARRIOTT VACATIONS WORLDWIDE CORP
ALRM,ALARM.COM HOLDINGS INC
PLUG,PLUG POWER INC
ALKS,ALKERMES
BRKS,BROOKS AUTOMATION INC
AGIO,AGIOS PHARMACEUTICALS INC
ENR,ENERGIZER HOLDINGS INC
SIGI,SELECTIVE INSURANCE GROUP INC
LBRDA,LIBERTY BROADBAND CORP SERIES A
MUSA,MURPHY USA INC
NEU,NEWMARKET CORP
PRSP,PERSPECTA INC
SAIA,SAIA INC
SFM,SPROUTS FARMERS MARKET INC
LPSN,LIVEPERSON INC
TPX,TEMPUR SEALY INTERNATIONAL INC
UFPI,UFP INDUSTRIES INC
UBSI,UNITED BANKSHARES INC
PNM,PNM RESOURCES INC
PNFP,PINNACLE FINANCIAL PARTNERS INC
KEX,KIRBY CORP
CLH,CLEAN HARBORS INC
SSD,SIMPSON MANUFACTURING INC
NWE,NORTHWESTERN CORP
LSXMA,LIBERTY MEDIA LIBERTY SIRIUSXM COR
VLY,VALLEY NATIONAL
YETI,YETI HOLDINGS INC
ESTC,ELASTIC NV
FTI,TECHNIPFMC PLC
CR,CRANE
PINS,PINTEREST INC CLASS A
CLDR,CLOUDERA INC
AEIS,ADVANCED ENERGY INDUSTRIES INC
AL,AIR LEASE CORP CLASS A
FEYE,FIREEYE INC
AAN,AARONS INC
FCFS,FIRSTCASH INC
GRA,WR GRACE
UNF,UNIFIRST CORP
IRTC,IRHYTHM TECHNOLOGIES INC
ACIW,ACI WORLDWIDE INC
HRB,H&R BLOCK INC
XRX,XEROX HOLDINGS CORP
CBU,COMMUNITY BANK SYSTEM INC
LCII,LCI INDUSTRIES
PRLB,PROTO LABS INC
KBH,KB HOME
HLI,HOULIHAN LOKEY INC CLASS A
KBR,KBR INC
NJR,NEW JERSEY RESOURCES CORP
TKR,TIMKEN
GBCI,GLACIER BANCORP INC
LPX,LOUISIANA PACIFIC CORP
TWOU,2U INC
HAIN,HAIN CELESTIAL GROUP INC
ALE,ALLETE INC
VIAV,VIAVI SOLUTIONS INC
RDN,RADIAN GROUP INC
CHH,CHOICE HOTELS INTERNATIONAL INC
SNV,SYNOVUS FINANCIAL CORP
BXMT,BLACKSTONE MORTGAGE TRUST REIT CLA
EE,EL PASO ELECTRIC
OMCL,OMNICELL INC
DKS,DICKS SPORTING INC
FCNCA,FIRST CITIZENS BANCSHARES INC CLAS
AWR,AMERICAN STATES WATER
AVT,AVNET INC
CMC,COMMERCIAL METALS
PSB,PS BUSINESS PARKS REIT INC
VRNT,VERINT SYSTEMS INC
LXP,LEXINGTON REALTY TRUST REIT
MTH,MERITAGE CORP
GO,GROCERY OUTLET HOLDING CORP
JCOM,J2 GLOBAL INC
SBRA,SABRA HEALTH CARE REIT INC
NRZ,NEW RESIDENTIAL INVESTMENT REIT CO
NUVA,NUVASIVE INC
MEDP,MEDPACE HOLDINGS INC
WTFC,WINTRUST FINANCIAL CORP
INSM,INSMED INC
ENS,ENERSYS
BLKB,BLACKBAUD INC
AJRD,AEROJET ROCKETDYNE HOLDINGS INC
ITRI,ITRON INC
EHTH,EHEALTH INC
OFC,CORPORATE OFFICE PROPERTIES TRUST
WYND,WYNDHAM DESTINATIONS INC
HMSY,HMS HOLDINGS CORP
WDFC,WD-40
JBT,JOHN BEAN TECHNOLOGIES CORP
NUS,NU SKIN ENTERPRISES INC CLASS A
CBRL,CRACKER BARREL OLD COUNTRY STORE I
ALLO,ALLOGENE THERAPEUTICS INC
LIVN,LIVANOVA PLC
JBLU,JETBLUE AIRWAYS CORP
MTG,MGIC INVESTMENT CORP
SPSC,SPS COMMERCE INC
FUL,HB FULLER
FATE,FATE THERAPEUTICS INC
ACIA,ACACIA COMMUNICATIONS INC
ARES,ARES MANAGEMENT CORP CLASS A
XEC,CIMAREX ENERGY
SAIL,SAILPOINT TECHNOLOGIES HOLDINGS IN
TNET,TRINET GROUP INCINARY
OZK,BANK OZK
MSGS,MADISON SQUARE GARDEN SPORTS CORP
CHWY,CHEWY INC CLASS A
CC,CHEMOURS
GPS,GAP INC
WERN,WERNER ENTERPRISES INC
WMS,ADVANCED DRAINAGE SYSTEMS INC
NHI,NATIONAL HEALTH INVESTORS REIT INC
CWST,CASELLA WASTE SYSTEMS INC CLASS A
AVA,AVISTA CORP
FNB,FNB CORP
BOH,BANK OF HAWAII CORP.
MTZ,MASTEC INC
IRDM,IRIDIUM COMMUNICATIONS INC
EPR,EPR PROPERTIES REIT
WTM,WHITE MOUNTAINS INSURANCE GROUP LT
DDOG,DATADOG INC CLASS A
OVV,OVINTIV INC
ITGR,INTEGER HOLDINGS CORP
VMI,VALMONT INDS INC
HASI,HANNON ARMSTRONG SUSTAINABLE INFRA
PCRX,PACIRA BIOSCIENCES INC
LGIH,LGI HOMES INC
UNVR,UNIVAR SOLUTIONS INC
AGR,AVANGRID INC
WRI,WEINGARTEN REALTY INVESTORS REIT
CWT,CALIFORNIA WATER SERVICE GROUP
CFX,COLFAX CORP
TMHC,TAYLOR MORRISON HOME CORP
SLM,SLM CORP
SLGN,SILGAN HOLDINGS INC
CNO,CNO FINANCIAL GROUP INC
CROX,CROCS INC
EVR,EVERCORE INC CLASS A
POL,POLYONE CORP
TCO,TAUBMAN CENTERS REIT INC
UHAL,AMERCO
PCH,POTLATCHDELTIC CORP
DIOD,DIODES INC
MIC,MACQUARIE INFRASTRUCTURE CORP
AN,AUTONATION INC
DNLI,DENALI THERAPEUTICS INC
ADSW,ADVANCED DISPOSAL SERVICES INC
EDIT,EDITAS MEDICINE INC
ESGR,ENSTAR GROUP LTD
BHF,BRIGHTHOUSE FINANCIAL INC
NSP,INSPERITY INC
CHNG,CHANGE HEALTHCARE INC
BLDR,BUILDERS FIRSTSOURCE INC
SXT,SENSIENT TECHNOLOGIES CORP
GDOT,GREEN DOT CORP CLASS A
WPX,WPX ENERGY INC
CCXI,CHEMOCENTRYX INC
APPF,APPFOLIO INC CLASS A
SPR,SPIRIT AEROSYSTEMS INC CLASS A
TGNA,TEGNA INC
EYE,NATIONAL VISION HOLDINGS INC
MMSI,MERIT MEDICAL SYSTEMS INC
CPRI,CAPRI HOLDINGS LTD
THS,TREEHOUSE FOODS INC
ABM,ABM INDUSTRIES INC
WMG,WARNER MUSIC GROUP CORP CLASS A
IRBT,IROBOT CORP
CARG,CARGURUS INC CLASS A
CBT,CABOT CORP
VG,VONAGE HOLDINGS CORP
PACW,PACWEST BANCORP
WGO,WINNEBAGO INDUSTRIES INC
ESI,ELEMENT SOLUTIONS INC
FN,FABRINET
MGEE,MGE ENERGY INC
TDC,TERADATA CORP
WBS,WEBSTER FINANCIAL CORP
BCO,BRINKS
CVBF,CVB FINANCIAL CORP
TGTX,TG THERAPEUTICS INC
NGVT,INGEVITY CORP
RPD,RAPID7 INC
AXSM,AXSOME THERAPEUTICS INC
ROG,ROGERS CORP
TREE,LENDINGTREE INC
HOMB,HOME BANCSHARES INC
PDM,PIEDMONT OFFICE REALTY TRUST REIT
KWR,QUAKER CHEMICAL CORP
ACHC,ACADIA HEALTHCARE COMPANY INC
KMT,KENNAMETAL INC
AKBA,AKEBIA THERAPEUTICS INC
CWEN,CLEARWAY ENERGY INC CLASS C
CRWD,CROWDSTRIKE HOLDINGS INC CLASS A
TRN,TRINITY INDUSTRIES INC
FORM,FORMFACTOR INC
WSC,WILLSCOT MOBILE MINI HOLDINGS CORP
VSAT,VIASAT INC
VIRT,VIRTU FINANCIAL INC CLASS A
HHC,HOWARD HUGHES CORP
WRE,WASHINGTON REAL ESTATE INVESTMENT
BAND,BANDWIDTH INC CLASS A
SABR,SABRE CORP
SHEN,SHENANDOAH TELECOMMUNICATIONS
ESE,ESCO TECHNOLOGIES INC
UI,UBIQUITI INC
UMPQ,UMPQUA HOLDINGS CORP
AIT,APPLIED INDUSTRIAL TECHNOLOGIES IN
NCR,NCR CORP
PK,PARK HOTELS RESORTS INC
STAY,EXTENDED STAY AMERICA UNITS INC
BXS,BANCORPSOUTH
SYNA,SYNAPTICS INC
WK,WORKIVA INC CLASS A
SAGE,SAGE THERAPEUTICS INC
DOOR,MASONITE INTERNATIONAL CORP
GT,GOODYEAR TIRE & RUBBER
CLF,CLEVELAND CLIFFS INC
AA,ALCOA CORP
COLM,COLUMBIA SPORTSWEAR
STL,STERLING BANCORP
SAFM,SANDERSON FARMS INC
APLE,APPLE HOSPITALITY REIT INC
PINC,PREMIER INC CLASS A
WTS,WATTS WATER TECHNOLOGIES INC CLASS
SVMK,SVMK INC
ZG,ZILLOW GROUP INC CLASS A
EXLS,EXLSERVICE HOLDINGS INC
AAON,AAON INC
SPB,SPECTRUM BRANDS HOLDINGS INC
GATX,GATX CORP
M,MACYS INC
SJI,S JERSEY INDS INC
YEXT,YEXT INC
TPH,TRI POINTE GROUP INC
SPXC,SPX CORP
FHI,FEDERATED HERMES INC CLASS B
TDS,TELEPHONE AND DATA SYSTEMS INC
ASB,ASSOCIATED BANCORP
NSA,NATIONAL STORAGE AFFILIATES TRUST
WWE,WORLD WRESTLING ENTERTAINMENT INC
PDCO,PATTERSON COMPANIES INC
FHB,FIRST HAWAIIAN INC
ATRC,ATRICURE INC
UMBF,UMB FINANCIAL CORP
LGND,LIGAND PHARMACEUTICALS INC
R,RYDER SYSTEM INC
ONB,OLD NATIONAL BANCORP
CSOD,CORNERSTONE ONDEMAND INC
IDCC,INTERDIGITAL INC
RUN,SUNRUN INC
MTSI,MACOM TECHNOLOGY SOLUTIONS INC
KW,KENNEDY WILSON HOLDINGS INC
JJSF,J AND J SNACK FOODS CORP
THC,TENET HEALTHCARE CORP
MUR,MURPHY OIL CORP
ENSG,ENSIGN GROUP INC
CVLT,COMMVAULT SYSTEMS INC
HL,HECLA MINING
AMN,AMN HEALTHCARE INC
WLK,WESTLAKE CHEMICAL CORP
BRC,BRADY NONVOTING CORP CLASS A
IOSP,INNOSPEC INC
EPAY,BOTTOMLINE TECHNOLOGIES INC
HP,HELMERICH & PAYNE INC
PBH,PRESTIGE CONSUMER HEALTHCARE INC
HGV,HILTON GRAND VACATIONS INC
TRIP,TRIPADVISOR INC
SANM,SANMINA CORP
WAFD,WASHINGTON FEDERAL INC
APPN,APPIAN CORP CLASS A
AEO,AMERICAN EAGLE OUTFITTERS INC
ROCK,GIBRALTAR INDUSTRIES INC
CYTK,CYTOKINETICS INC
INDB,INDEPENDENT BANK CORP
JACK,JACK IN THE BOX INC
SUM,SUMMIT MATERIALS INC CLASS A
SC,SANTANDER CONSUMER USA HOLDINGS IN
PPBI,PACIFIC PREMIER BANCORP INC
CMPR,CIMPRESS PLC
HI,HILLENBRAND INC
MGLN,MAGELLAN HEALTH INC
OUT,OUTFRONT MEDIA INC
MNRO,MONRO INC
ACA,ARCOSA INC
CNMD,CONMED CORP
WORK,SLACK TECHNOLOGIES CLASS A INC
OMF,ONEMAIN HOLDINGS INC
BILL,BILL COM HOLDINGS INC
VSH,VISHAY INTERTECHNOLOGY INC
MDC,MDC HOLDINGS INC
TRTN,TRITON INTERNATIONAL LTD
CIT,CIT GROUP INC
BECN,BEACON ROOFING SUPPLY INC
AIN,ALBANY INTERNATIONAL CORP CLASS A
AIMC,ALTRA INDUSTRIAL MOTION CORP
CNX,CNX RESOURCES CORP
SHOO,STEVEN MADDEN LTD
AGO,ASSURED GUARANTY LTD
VC,VISTEON CORP
WWW,WOLVERINE WORLD WIDE INC
AM,ANTERO MIDSTREAM CORP
ADS,ALLIANCE DATA SYSTEMS CORP
TWNK,HOSTESS BRANDS INC CLASS A
ZGNX,ZOGENIX INC
DORM,DORMAN PRODUCTS INC
CVET,COVETRUS INC
XNCR,XENCOR INC
PPD,PPD INC
UAA,UNDER ARMOUR INC CLASS A
CMP,COMPASS MINERALS INTERNATIONAL INC
HLNE,HAMILTON LANE INC CLASS A
HWC,HANCOCK WHITNEY CORP
FELE,FRANKLIN ELECTRIC INC
SMPL,THE SIMPLY GOOD FOODS COMPANY
FSS,FEDERAL SIGNAL CORP
MXL,MAXLINEAR INC
OLN,OLIN CORP
CORT,CORCEPT THERAPEUTICS INC
UNIT,UNITI GROUP INC
NTCT,NETSCOUT SYSTEMS INC
MC,MOELIS CLASS A
CATY,CATHAY GENERAL BANCORP
HUBG,HUB GROUP INC CLASS A
OTTR,OTTER TAIL CORP
KAR,KAR AUCTION SERVICES INC
BDN,BRANDYWINE REALTY TRUST REIT
SBH,SALLY BEAUTY HOLDINGS INC
NWN,NORTHWEST NATURAL HOLDING COMPANY
REYN,REYNOLDS CONSUMER PRODUCTS INC
WCC,WESCO INTERNATIONAL INC
SCL,STEPAN
EPC,EDGEWELL PERSONAL CARE
MOGA,MOOG INC CLASS A
NGHC,NATIONAL GENERAL HOLDINGS CORP
B,BARNES GROUP INC
BMI,BADGER METER INC
EVTC,EVERTEC INC
MANT,MANTECH INTERNATIONAL CORP CLASS A
PFSI,PENNYMAC FINANCIAL SERVICES INC
AUB,ATLANTIC UNION BANKSHARES CORP
NAV,NAVISTAR INTERNATIONAL CORP
ATGE,ADTALEM GLOBAL EDUCATION INC
DAN,DANA INCORPORATED INC
PS,PLURALSIGHT INC CLASS A
PRGS,PROGRESS SOFTWARE CORP
SFNC,SIMMONS FIRST NATIONAL CORP CLASS
YELP,YELP INC
INT,WORLD FUEL SERVICES CORP
MED,MEDIFAST INC
ONTO,ONTO INNOVATION INC
FSLY,FASTLY INC CLASS A
CIM,CHIMERA INVESTMENT CORP
ALLK,ALLAKOS INC
RHP,RYMAN HOSPITALITY PROPERTIES REIT
UA,UNDER ARMOUR INC CLASS C
IBP,INSTALLED BUILDING PRODUCTS INC
PLXS,PLEXUS CORP
AEL,AMERICAN EQUITY INVESTMENT LIFE HO
MNR,MONMOUTH REAL ESTATE INVESTMENT RE
SHO,SUNSTONE HOTEL INVESTORS REIT INC
PRAA,PRA GROUP INC
SJW,SJW GROUP
APAM,ARTISAN PARTNERS ASSET MANAGEMENT
SKYW,SKYWEST INC
NSIT,INSIGHT ENTERPRISES INC
VRRM,VERRA MOBILITY CORP CLASS A
RMBS,RAMBUS INC
COLB,COLUMBIA BANKING SYSTEM INC
INSP,INSPIRE MEDICAL SYSTEMS INC
PZZA,PAPA JOHNS INTERNATIONAL INC
CYRX,CRYOPORT INC
GTLS,CHART INDUSTRIES INC
FLR,FLUOR CORP
CFFN,CAPITOL FEDERAL FINANCIAL INC
CVCO,CAVCO INDUSTRIES INC
HCSG,HEALTHCARE SERVICES INC
PEB,PEBBLEBROOK HOTEL TRUST REIT
CTRE,CARETRUST REIT INC
JWA,JOHN WILEY AND SONS INC CLASS A
SWN,SOUTHWESTERN ENERGY
JWN,NORDSTROM INC
SHAK,SHAKE SHACK INC CLASS A
MTX,MINERALS TECHNOLOGIES INC
H,HYATT HOTELS CORP CLASS A
RPAI,RETAIL PROPERTIES OF AMERICA REIT
APLS,APELLIS PHARMACEUTICALS INC
FULT,FULTON FINANCIAL CORP
MD,MEDNAX INC
IBOC,INTERNATIONAL BANCSHARES CORP
ADVM,ADVERUM BIOTECHNOLOGIES INC
CALM,CAL MAINE FOODS INC
STAA,STAAR SURGICAL
OI,O I GLASS INC
IRWD,IRONWOOD PHARMA INC CLASS A
GKOS,GLAUKOS CORP
CXP,COLUMBIA PROPERTY REIT INC TRUST
DEA,EASTERLY GOVERNMENT PROPERTIES INC
BGS,B AND G FOODS INC
XPER,XPERI HOLDING CORP
BOKF,BOK FINANCIAL CORP
BIG,BIG LOTS INC
CMD,CANTEL MEDICAL CORP
ABG,ASBURY AUTOMOTIVE GROUP INC.
IIPR,INNOVATIVE INDUSTRIAL PROPERTIES I
CSGS,CSG SYSTEMS INTERNATIONAL INC
FLOW,SPX FLOW INC
COMM,COMMSCOPE HOLDING INC
PLMR,PALOMAR HOLDINGS INC
LMNX,LUMINEX CORP
PMT,PENNYMAC MORTGAGE INVESTMENT TRUST
GEO,GEO GROUP REIT INC
AVAV,AEROVIRONMENT INC
PTON,PELOTON INTERACTIVE CLASS A INC
OSTK,OVERSTOCK COM INC
ELY,CALLAWAY GOLF
KLIC,KULICKE AND SOFFA INDUSTRIES INC
AMBA,AMBARELLA INC
CRNC,CERENCE INC
CERS,CERUS CORP
TRHC,TABULA RASA HEALTHCARE INC
PRO,PROS HOLDINGS INC
SRNE,SORRENTO THERAPEUTICS INC
KFY,KORN FERRY
WOR,WORTHINGTON INDUSTRIES INC
ADNT,ADIENT PLC
MWA,MUELLER WATER PRODUCTS INC SERIES
CENTA,CENTRAL GARDEN AND PET CLASS A
CTB,COOPER TIRE AND RUBBER
TRMK,TRUSTMARK CORP
LRN,K12 INC
SAVE,SPIRIT AIRLINES INC
OPK,OPKO HEALTH INC
SNBR,SLEEP NUMBER CORP
PAG,PENSKE AUTOMOTIVE GROUP VOTING INC
BMCH,BMC STOCK HOLDINGS INC
ALTR,ALTAIR ENGINEERING INC CLASS A
AVNS,AVANOS MEDICAL INC
EGHT,8X8 INC
BYD,BOYD GAMING CORP
ITCI,INTRA CELLULAR THERAPIES INC
BYND,BEYOND MEAT INC
SEM,SELECT MEDICAL HOLDINGS CORP
CPK,CHESAPEAKE UTILITIES CORP
WSFS,WSFS FINANCIAL CORP
FCPT,FOUR CORNERS PROPERTY INC TRUST
ADUS,ADDUS HOMECARE CORP
RLJ,RLJ LODGING TRUST REIT
DCPH,DECIPHERA PHARMACEUTICALS INC
NET,CLOUDFLARE INC CLASS A
ISBC,INVESTORS BANCORP INC
BEAT,BIOTELEMETRY INC
GOLF,ACUSHNET HOLDINGS CORP
MGRC,MCGRATH RENT
IBTX,INDEPENDENT BANK GROUP INC
SWCH,SWITCH INC CLASS A
PATK,PATRICK INDUSTRIES INC
SFBS,SERVISFIRST BANCSHARES INC
RCII,RENT-A-CENTER INC
DRNA,DICERNA PHARMACEUTICALS INC
TENB,TENABLE HOLDINGS INC
SIX,SIX FLAGS ENTERTAINMENT CORP
CHX,CHAMPIONX CORP
REZI,RESIDEO TECHNOLOGIES INC
BKU,BANKUNITED INC
PDCE,PDC ENERGY INC
FIX,COMFORT SYSTEMS USA INC
RRC,RANGE RESOURCES CORP
NWS,NEWS CORP CLASS B
CDLX,CARDLYTICS INC
ATKR,ATKORE INTERNATIONAL GROUP INC
MLI,MUELLER INDUSTRIES INC
KPTI,KARYOPHARM THERAPEUTICS INC
ARNC,ARCONIC CORP
CUB,CUBIC CORP
ADPT,ADAPTIVE BIOTECHNOLOGIES CORP
DVAX,DYNAVAX TECHNOLOGIES CORP
ASTE,ASTEC INDUSTRIES INC
GTY,GETTY REALTY REIT CORP
LTC,LTC PROPERTIES REIT INC
BCC,BOISE CASCADE
FWRD,FORWARD AIR CORP
BDC,BELDEN INC
PGRE,PARAMOUNT GROUP REIT INC
SPCE,VIRGIN GALACTIC HOLDINGS INC SHS C
GNL,GLOBAL NET LEASE INC
BBBY,BED BATH AND BEYOND INC
GHC,GRAHAM HOLDINGS COMPANY CLASS B
NNI,NELNET INC CLASS A
URBN,URBAN OUTFITTERS INC
EGOV,NIC INC
MFA,MFA FINANCIAL REIT INC
SASR,SANDY SPRING BANCORP INC
NTLA,INTELLIA THERAPEUTICS INC
TWST,TWIST BIOSCIENCE CORP
FIT,FITBIT INC CLASS A
INOV,INOVALON HOLDINGS INC CLASS A
VCYT,VERACYTE INC
CLI,MACK-CALI REALTY REIT CORP
CNK,CINEMARK HOLDINGS INC
ROIC,RETAIL OPPORTUNITY INVESTMENTS REI
WW,WW INTERNATIONAL INC
WDR,WADDELL AND REED FINANCIAL INC CLA
AQUA,EVOQUA WATER TECHNOLOGIES CORP
KTOS,KRATOS DEFENSE AND SECURITY SOLUTI
KALU,KAISER ALUMINIUM CORP
ATSG,AIR TRANSPORT SERVICES GROUP INC
FRME,FIRST MERCHANTS CORP
ARI,APOLLO COMMERCIAL REAL ESTATE FINA
COTY,COTY INC CLASS A
TERP,TERRAFORM POWER INC CLASS A
MGNX,MACROGENICS INC
JRVR,JAMES RIVER GROUP HOLDINGS LTD
MSGE,MADISON SQUARE GARDEN ENTERTAINMEN
DK,DELEK US HOLDINGS INC
LVGO,LIVONGO HEALTH INC
AMKR,AMKOR TECHNOLOGY INC
FMBI,FIRST MIDWEST BANCORP INC
CDNA,CAREDX INC
OSIS,OSI SYSTEMS INC
CNS,COHEN & STEERS INC
ESPR,ESPERION THERAPEUTICS INC
AMWD,AMERICAN WOODMARK CORP
UFS,DOMTAR CORP
RGNX,REGENXBIO INC
TCBI,TEXAS CAPITAL BANCSHARES INC
EAT,BRINKER INTERNATIONAL INC
WD,WALKER & DUNLOP INC
HTH,HILLTOP HOLDINGS INC
UE,URBAN EDGE PROPERTIES
WABC,WESTAMERICA BANCORPORATION
VICR,VICOR CORP
APG,API GROUP CORP
X,US STEEL CORP
DLPH,DELPHI TECHNOLOGIES PLC
LZB,LA-Z-BOY INC
KOD,KODIAK SCIENCES INC
HNI,HNI CORP
AVYA,AVAYA HOLDINGS CORP
ALGT,ALLEGIANT TRAVEL
ARGO,ARGO GROUP INTERNATIONAL HOLDINGS
COKE,COCA COLA CONSOLIDATED INC
TWO,TWO HARBORS INVESTMENT REIT CORP
TNC,TENNANT
CLR,CONTINENTAL RESOURCES INC
ABCB,AMERIS BANCORP
CXW,CORECIVIC REIT INC
KN,KNOWLES CORP
TPTX,TURNING POINT THERAPEUTICS INC
SMCI,SUPER MICRO COMPUTER INC
ECPG,ENCORE CAPITAL GROUP INC
PRFT,PERFICIENT INC
SUPN,SUPERNUS PHARMACEUTICALS INC
HRTX,HERON THERAPEUTICS INC
PLUS,EPLUS
GPI,GROUP AUTOMOTIVE INC
RNST,RENASANT CORP
AAWW,ATLAS AIR WORLDWIDE HOLDINGS INC
SBGI,SINCLAIR BROADCAST GROUP INC CLASS
NYMT,NEW YORK MORTGAGE TRUST REIT INC
SDGR,SCHRODINGER INC
MLAB,MESA LABORATORIES INC
VNE,VEONEER INC
SKY,SKYLINE CHAMPION CORP
CVGW,CALAVO GROWERS INC
VAPO,VAPOTHERM INC
SWI,SOLARWINDS CORP
LLNW,LIMELIGHT NETWORKS INC
ESRT,EMPIRE STATE REALTY REIT INC TRUST
MDRX,ALLSCRIPTS HEALTHCARE SOLUTIONS IN
MTRN,MATERION CORP
RCUS,ARCUS BIOSCIENCES INC
IRT,INDEPENDENCE REALTY INC TRUST
VGR,VECTOR GROUP LTD
ATI,ALLEGHENY TECHNOLOGIES INC
MCY,MERCURY GENERAL CORP
KURA,KURA ONCOLOGY INC
SWBI,SMITH WESSON BRANDS INC
RIG,TRANSOCEAN LTD
MLHR,HERMAN MILLER INC
CRS,CARPENTER TECHNOLOGY CORP
CCS,CENTURY COMMUNITIES INC
EPZM,EPIZYME INC
LKFN,LAKELAND FINANCIAL CORP
GTN,GRAY TELEVISION INC
EPRT,ESSENTIAL PROPERTIES REALTY TRUST
TRUP,TRUPANION INC
MSEX,MIDDLESEX WATER
WSBC,WESBANCO INC
CSWI,CSW INDUSTRIALS INC
DRH,DIAMONDROCK HOSPITALITY REIT
SATS,ECHOSTAR CORP CLASS A
SNDR,SCHNEIDER NATIONAL INC CLASS B
CVA,COVANTA HOLDING CORP
THRM,GENTHERM INC
MTOR,MERITOR INC
NMIH,NMI HOLDINGS INC CLASS A
SGMO,SANGAMO THERAPEUTICS INC
BRMK,BROADMARK REALTY CAPITAL INC
RPAY,REPAY HOLDINGS CORP CLASS A
PSMT,PRICESMART INC
PGTI,PGT INNOVATIONS INC
TTMI,TTM TECHNOLOGIES INC
AAT,AMERICAN ASSETS TRUST REIT INC
JELD,JELD WEN HOLDING INC
CLNY,COLONY CAPITAL INC CLASS A
RGR,STURM RUGER INC
TEX,TEREX CORP
ICFI,ICF INTERNATIONAL INC
NSTG,NANOSTRING TECHNOLOGIES INC
GERN,GERON CORP
RCM,R1 RCM INC
CAR,AVIS BUDGET GROUP INC
DY,DYCOM INDUSTRIES INC
RVNC,REVANCE THERAPEUTICS INC
RUSHA,RUSH ENTERPRISES INC CLASS A
INVA,INNOVIVA INC
ALEC,ALECTOR INC
CDE,COEUR MINING INC
GCP,GCP APPLIED TECHNOLOGIES INC
TPIC,TPI COMPOSITES INC
ICPT,INTERCEPT PHARMACEUTICALS INC
CORE,CORE MARK HOLDING INC
GLUU,GLU MOBILE INC
ODP,ODP CORP
AXNX,AXONICS MODULATION TECHNOLOGIES IN
GNW,GENWORTH FINANCIAL A INC
EFSC,ENTERPRISE FINANCIAL SERVICES CORP
INSG,INSEEGO CORP
DOMO,DOMO INC CLASS B
SPTN,SPARTANNASH
MAXR,MAXAR TECHNOLOGIES INC
FWONA,LIBERTY MEDIA FORMULA ONE CORP SER
NWBI,NORTHWEST BANCSHARES INC
TOWN,TOWNEBANK
ECOL,US ECOLOGY INC
SITC,SITE CENTERS CORP
LAUR,LAUREATE EDUCATION INC CLASS A
FFBC,FIRST FINANCIAL BANCORP
MSTR,MICROSTRATEGY INC CLASS A
VSTO,VISTA OUTDOOR INC
KAMN,KAMAN CORP
ILPT,INDUSTRIAL LOGISTICS PROPERTIES TR
AKR,ACADIA REALTY TRUST REIT
KRG,KITE REALTY GROUP TRUST REIT
CBZ,CBIZ INC
UVV,UNIVERSAL CORP
TRS,TRIMAS CORP
AMPH,AMPHASTAR PHARMACEUTICALS INC
SAFT,SAFETY INSURANCE GROUP INC
AX,AXOS FINANCIAL INC
VRTS,VIRTUS INVESTMENT PARTNERS INC
OPI,OFFICE PROPERTIES INCOME TRUST
MEI,METHODE ELECTRONICS INC
GMS,GMS INC
MATX,MATSON INC
CADE,CADENCE BANCORPORATION CLASS A
TXG,10X GENOMICS INC CLASS A
FIZZ,NATIONAL BEVERAGE CORP
CRY,CRYOLIFE INC
UTL,UNITIL CORP
PRDO,PERDOCEO EDUCATION CORP
DHC,DIVERSIFIED HEALTHCARE TRUST
REGI,RENEWABLE ENERGY INC
CWH,CAMPING WORLD HOLDINGS INC CLASS A
SVC,SERVICE PROPERTIES TRUST
FIBK,FIRST INTERSTATE BANCSYSTEM INC CL
FBC,FLAGSTAR BANCORP INC
DRQ,DRIL QUIP INC
HSC,HARSCO CORP
SNEX,STONEX GROUP INC
VBIV,VBI VACCINES INC
TSE,TRINSEO
LILAK,LIBERTY LATIN AMERICA LTD CLASS C
AMCX,AMC NETWORKS CLASS A INC
MRSN,MERSANA THERAPEUTICS INC
LNTH,LANTHEUS HOLDINGS INC
KRNY,KEARNY FINANCIAL TEST CORP
MRTN,MARTEN TRANSPORT LTD
INFN,INFINERA CORP
PPC,PILGRIMS PRIDE CORP
SMP,STANDARD MOTOR PRODUCTS INC
KAI,KADANT INC
DLX,DELUXE CORP
NAVI,NAVIENT CORP
CHRS,COHERUS BIOSCIENCES INC
CLB,CORE LABORATORIES NV
EPAC,ENERPAC TOOL GROUP CORP CLASS A
HLIO,HELIOS TECHNOLOGIES INC
USNA,USANA HEALTH SCIENCES INC
FBP,FIRST BANCORP
PIPR,PIPER SANDLER COMPANIES
PFS,PROVIDENT FINANCIAL SERVICES INC
CAKE,CHEESECAKE FACTORY INC
CLVS,CLOVIS ONCOLOGY INC
GOOD,GLADSTONE COMMERCIAL REIT CORP
KDMN,KADMON INC
CSII,CARDIOVASCULAR SYSTEMS INC
SYKE,SYKES ENTERPRISES INC
EVOP,EVO PAYMENTS INC CLASS A
KRTX,KARUNA THERAPEUTICS INC
XHR,XENIA HOTELS RESORTS REIT INC
SAH,SONIC AUTOMOTIVE INC CLASS A
SCS,STEELCASE INC CLASS A
CARA,CARA THERAPEUTICS INC
UHT,UNIVERSAL HEALTH REALTY INCOME TRU
GEF,GREIF INC CLASS A
TPRE,THIRD POINT REINSURANCE LTD
EVER,EVERQUOTE INC CLASS A
TBPH,THERAVANCE BIOPHARMA INC
MBUU,MALIBU BOATS CLASS A INC
SGMS,SCIENTIFIC GAMES CORP
FOE,FERRO CORP
CHCO,CITY HOLDING
PETS,PETMED EXPRESS INC
DNOW,NOW INC
PRNB,PRINCIPIA BIOPHARMA INC
FARO,FARO TECHNOLOGIES INC
BHE,BENCHMARK ELECTRONICS INC
MDGL,MADRIGAL PHARMACEUTICALS INC
CATM,CARDTRONICS PLC CLASS A
BSIG,BRIGHTSPHERE INVESTMENT GROUP INC
WHD,CACTUS INC CLASS A
ANGI,ANGI HOMESERVICES INC CLASS A
ATRA,ATARA BIOTHERAPEUTICS INC
HMN,HORACE MANN EDUCATORS CORP
HTLF,HEARTLAND FINANCIAL USA INC
HOPE,HOPE BANCORP INC
OCFC,OCEANFIRST FINANCIAL CORP
COOP,MR COOPER GROUP INC
BLMN,BLOOMIN BRANDS INC
MAC,MACERICH REIT
TR,TOOTSIE ROLL INDUSTRIES INC
NPO,ENPRO INDUSTRIES INC
FLXN,FLEXION THERAPEUTICS INC
AZZ,AZZ INC
AROC,ARCHROCK INC
WIRE,ENCORE WIRE CORP
PBF,PBF ENERGY INC CLASS A
VIVO,MERIDIAN BIOSCIENCE INC
FSCT,FORESCOUT TECHNOLOGIES INC
SWM,SCHWEITZER MAUDUIT INTERNATIONAL I
LNN,LINDSAY CORP
NBTB,NBT BANCORP INC
SBCF,SEACOAST BANKING OF FLORIDA
LASR,NLIGHT INC
RAD,RITE AID CORP
SONO,SONOS INC
USPH,US PHYSICAL THERAPY INC
ZUO,ZUORA INC CLASS A
TFSL,TFS FINANCIAL CORP
MHO,M I HOMES INC
MYGN,MYRIAD GENETICS INC
UNFI,UNITED NATURAL FOODS INC
PJT,PJT PARTNERS INC CLASS A
RLGY,REALOGY HOLDINGS CORP
CCF,CHASE CORP
BANR,BANNER CORP
HRI,HERC HOLDINGS INC
IGMS,IGM BIOSCIENCES INC
HURN,HURON CONSULTING GROUP INC
NP,NEENAH INC
MODN,MODEL N INC
IPAR,INTER PARFUMS INC
CHCT,COMMUNITY HEALTHCARE TRUST INC
NTGR,NETGEAR INC
ATRI,ATRION CORP
WMK,WEIS MARKETS INC
CNA,CNA FINANCIAL CORP
EGBN,EAGLE BANCORP INC
VRTU,VIRTUSA CORP
ADT,ADT INC
DDD,3D SYSTEMS CORP
AFIN,AMERICAN FIN INC TRUST CLASS A
UPWK,UPWORK INC
UCBI,UNITED COMMUNITY BANKS INC
CVM,CEL SCI CORP
ATHX,ATHERSYS INC
UCTT,ULTRA CLEAN HOLDINGS INC
IMKTA,INGLES MARKETS INC CLASS A
ALG,ALAMO GROUP INC
OMER,OMEROS CORP
EIG,EMPLOYERS HOLDINGS INC
FOCS,FOCUS FINANCIAL PARTNERS INC CLASS
KTB,KONTOOR BRANDS INC
CRMT,AMERICAS CAR-MART INC
CELH,CELSIUS HOLDINGS INC
BRBR,BELLRING BRANDS INC CLASS A
TTEC,TTEC HOLDINGS INC
ONEM,1LIFE HEALTHCARE INC
IMGN,IMMUNOGEN INC
GVA,GRANITE CONSTRUCTION INC
GBX,GREENBRIER INC
ARVN,ARVINAS INC
HSKA,HESKA CORP
ENTA,ENANTA PHARMACEUTICALS INC
GSHD,GOOSEHEAD INSURANCE INC CLASS A
LGFB,LIONS GATE ENTERTAINMENT NON VOTIN
PRSC,PROVIDENCE SERVICE CORP
ROAD,CONSTRUCTION PARTNERS INC CLASS A
FDP,FRESH DEL MONTE PRODUCE INC
AXL,AMERICAN AXLE AND MANUFACTURING HO
LTHM,LIVENT CORP
ALEX,ALEXANDER & BALDWIN INC
TROX,TRONOX HOLDINGS PLC
PTGX,PROTAGONIST THERAPEUTICS INC
STAR,ISTAR REIT INC
BBIO,BRIDGEBIO PHARMA INC
SCHL,SCHOLASTIC CORP
OSPN,ONESPAN INC
HTLD,HEARTLAND EXPRESS INC
TBK,TRIUMPH BANCORP INC
JOE,ST JOE
ACLS,AXCELIS TECHNOLOGIES INC
UPLD,UPLAND SOFTWARE INC
PRK,PARK NATIONAL CORP
WINA,WINMARK CORP
NTUS,NATUS MEDICAL INC
PTEN,PATTERSON UTI ENERGY INC
CWENA,CLEARWAY ENERGY INC CLASS A
VNDA,VANDA PHARMACEUTICALS INC
JOUT,JOHNSON OUTDOORS INC CLASS A
HA,HAWAIIAN HOLDINGS INC
BUSE,FIRST BUSEY CORP
RAVN,RAVEN INDUSTRIES INC
ZUMZ,ZUMIEZ INC
ARCB,ARCBEST CORP
LENB,LENNAR CORP CLASS B
WBT,WELBILT INC
NBHC,NATIONAL BANK HOLDINGS CORP CLASS
NLTX,NEOLEUKIN THERAPEUTICS INC
OXM,OXFORD INDUSTRIES INC
SNDX,SYNDAX PHARMACEUTICALS INC
IRET,INVESTORS REAL ESTATE TRUST REIT
GNMK,GENMARK DIAGNOSTICS INC
BOOT,BOOT BARN HOLDINGS INC
MMI,MARCUS & MILLICHAP INC
KFRC,KFORCE INC
ACMR,ACM RESEARCH CLASS A INC
DENN,DENNYS CORP
RWT,REDWOOD TRUST REIT INC
OSUR,ORASURE TECHNOLOGIES INC
NMRK,NEWMARK GROUP INC CLASS A
SFIX,STITCH FIX INC CLASS A
WIFI,BOINGO WIRELESS INC
BEAM,BEAM THERAPEUTICS INC
LADR,LADDER CAPITAL CORP CLASS A
SBSI,SOUTHSIDE BANCSHARES INC
CUE,CUE BIOPHARMA INC
JBSS,JOHN B SANFILIPPO AND SON INC
PING,PING IDENTITY HOLDING CORP
ARDX,ARDELYX INC
BGCP,BGC PARTNERS INC CLASS A
NPK,NATIONAL PRESTO INDUSTRIES INC
PETQ,PETIQ INC CLASS A
RTRX,RETROPHIN INC
PAHC,PHIBRO ANIMAL HEALTH CORP CLASS A
AR,ANTERO RESOURCES CORP
CLBK,COLUMBIA FINANCIAL INC
AIR,AAR CORP
GLT,GLATFELTER
SSTK,SHUTTERSTOCK INC
APPS,DIGITAL TURBINE INC
NWLI,NATIONAL WESTERN LIFE GROUP INC CL
IMVT,IMMUNOVANT INC
CRVL,CORVEL CORP
SYBT,STOCK YARDS BANCORP INC
CEVA,CEVA INC
SAFE,SAFEHOLD INC
PLCE,CHILDRENS PLACE INC
MTDR,MATADOR RESOURCES
MATW,MATTHEWS INTERNATIONAL CORP CLASS
DIN,DINE BRANDS GLOBAL INC
TCMD,TACTILE SYSTEMS TECHNOLOGY INC
SEB,SEABOARD CORP
TCDA,TRICIDA INC
ATNX,ATHENEX INC
INGN,INOGEN INC
RRR,RED ROCK RESORTS ORS CLASS A INC
ENDP,ENDO INTERNATIONAL PLC
VCTR,VICTORY CAPITAL HOLDINGS CLASS A I
PSN,PARSONS CORP
PLAB,PHOTRONICS INC
SKT,TANGER FACTORY OUTLET CENTERS REIT
VVNT,VIVINT SMART HOME INC CLASS A
CNST,CONSTELLATION PHARMACEUTICALS INC
BANF,BANCFIRST CORP
TVTY,TIVITY HEALTH INC
OII,OCEANEERING INTERNATIONAL INC
PLOW,DOUGLAS DYNAMICS INC
PHR,PHREESIA INC
ACCO,ACCO BRANDS CORP
NXRT,NEXPOINT RESIDENTIAL TRUST INC
GFF,GRIFFON CORP
WNC,WABASH NATIONAL CORP
HTBK,HERITAGE COMMERCE CORP
FCEL,FUELCELL ENERGY INC
STC,STEWART INFO SERVICES CORP
ABR,ARBOR REALTY TRUST REIT INC
CLW,CLEARWATER PAPER CORP
KBAL,KIMBALL INTERNATIONAL INC CLASS B
EVH,EVOLENT HEALTH INC CLASS A
AIMT,AIMMUNE THERAPEUTICS INC
SEAS,SEAWORLD ENTERTAINMENT INC
IMXI,INTERNATIONAL MONEY EXPRESS INC
CALX,CALIX NETWORKS INC
CASH,META FINANCIAL GROUP INC
ANF,ABERCROMBIE AND FITCH CLASS A
REX,REX AMERICAN RESOURCES CORP
VBTX,VERITEX HOLDINGS INC
CIO,CITY OFFICE REIT INC
VCRA,VOCERA COMMUNICATIONS INC
BATRK,LIBERTY MEDIA LIBERTY BRAVES CORP
RDUS,RADIUS HEALTH INC
CODX,CO DIAGNOSTICS INC
SPT,SPROUT SOCIAL INC CLASS A
VECO,VEECO INSTRUMENTS INC
ANIK,ANIKA THERAPEUTICS INC
PRA,PROASSURANCE CORP
BKD,BROOKDALE SENIOR LIVING INC
KIDS,ORTHOPEDIATRICS CORP
HIBB,HIBBETT SPORTS INC
EFC,ELLINGTON FINANCIAL INC
AHH,ARMADA HOFFLER PROPERTIES REIT INC
SPWR,SUNPOWER CORP
SCSC,SCANSOURCE INC
APOG,APOGEE ENTERPRISES INC
ANAT,AMERICAN NATIONAL GROUP INC
COHU,COHU INC
WKHS,WORKHORSE GROUP INC
ORC,ORCHID ISLAND CAPITAL INC
BDTX,BLACK DIAMOND THERAPEUTICS INC
HCC,WARRIOR MET COAL INC
COLL,COLLEGIUM PHARMACEUTICAL INC
ASMB,ASSEMBLY BIOSCIENCES INC
TMP,TOMPKINS FINANCIAL CORP
LEVI,LEVI STRAUSS CLASS A
IVR,INVESCO MORTGAGE CAPITAL REIT INC
BCOR,BLUCORA INC
CMCO,COLUMBUS MCKINNON CORP
KNSA,KINIKSA PHARMACEUTICALS LTD CLASS
AMK,ASSETMARK FINANCIAL HOLDINGS INC
TBIO,TRANSLATE BIO INC
ECHO,ECHO GLOBAL LOGISTICS INC
OFG,OFG BANCORP
MGY,MAGNOLIA OIL GAS CORP CLASS A
INSW,INTERNATIONAL SEAWAYS INC
PRIM,PRIMORIS SERVICES CORP
MIK,MICHAELS COMPANIES INC
HNGR,HANGER INC
SRCE,1ST SOURCE CORP
FMBH,FIRST MID BANCSHARES INC
MPAA,MOTORCAR PARTS OF AMERICA INC
GMRE,GLOBAL MEDICAL REIT INC
NHC,NATIONAL HEALTHCARE CORP
WRLD,WORLD ACCEPTANCE CORP
AGX,ARGAN INC
SRRK,SCHOLAR ROCK HOLDING CORP
CRBP,CORBUS PHARMACEUTICALS HOLDINGS IN
OPCH,OPTION CARE HEALTH INC
HSTM,HEALTHSTREAM INC
SLP,SIMULATIONS PLUS INC
VCEL,VERICEL CORP
AERI,AERIE PHARMACEUTICALS INC
ACEL,ACCEL ENTERTAINMENT INC CLASS A
MYRG,MYR GROUP INC
BFC,BANK FIRST CORP
PFC,PREMIER FINANCIAL CORP
VERI,VERITONE INC
DSPG,DSP GROUP INC
AMBC,AMBAC FINANCIAL GROUP INC
SHYF,SHYFT GROUP INC
VKTX,VIKING THERAPEUTICS INC
RCKT,ROCKET PHARMACEUTICALS INC
NODK,NI HOLDINGS INC
YMAB,Y MABS THERAPEUTICS INC
EBIX,EBIX INC
MDLA,MEDALLIA INC
RMAX,RE MAX HOLDINGS INC CLASS A
VREX,VAREX IMAGING CORP
OFIX,ORTHOFIX MEDICAL INC
PAE,PAE INC CLASS A
STBA,S AND T BANCORP INC
ATNI,ATN INTERNATIONAL INC
TRTX,TPG RE FINANCE TRUST INC
AEGN,AEGION CORP CLASS A
ARR,ARMOUR RESIDENTIAL REIT INC
FFG,FBL FINANCIAL GROUP INC CLASS A
AGM,FEDERAL AGRICULTURAL MORTGAGE NON
INN,SUMMIT HOTEL PROPERTIES REIT INC
CTBI,COMMUNITY TRUST BANCORP INC
ANAB,ANAPTYSBIO INC
SIG,SIGNET JEWELERS LTD
CTS,CTS CORP
TTGT,TECHTARGET INC
MDP,MEREDITH CORP
LOB,LIVE OAK BANCSHARES INC
AMRC,AMERESCO INC CLASS A
MRC,MRC GLOBAL INC
GRC,GORMAN-RUPP
GPRO,GOPRO INC CLASS A
PASG,PASSAGE BIO INC
TCBK,TRICO BANCSHARES
SILK,SILK ROAD MEDICAL INC
ICHR,ICHOR HOLDINGS LTD
CDXS,CODEXIS INC
BSTC,BIOSPECIFICS TECHNOLOGIES CORP
GSAT,GLOBALSTAR VOTING INC
KALA,KALA PHARMACEUTICALS INC
SIGA,SIGA TECHNOLOGIES INC
HONE,HARBORONE BANCORP INC
ARCH,ARCH RESOURCES INC CLASS A
BANC,BANC OF CALIFORNIA INC
NRC,NATIONAL RESEARCH CORP
PNTG,PENNANT GROUP INC
SXI,STANDEX INTERNATIONAL CORP
SRI,STONERIDGE INC
KRYS,KRYSTAL BIOTECH INC
IIIN,INSTEEL INDUSTRIES INC
PDFS,PDF SOLUTIONS INC
WASH,WASHINGTON TRUST BANCORP INC
HFWA,HERITAGE FINANCIAL CORP
PACB,PACIFIC BIOSCIENCES OF CALIFORNIA
SIBN,SI BONE INC
APEI,AMERICAN PUBLIC EDUCATION INC
GABC,GERMAN AMERICAN BANCORP INC
LBC,LUTHER BURBANK CORP
GTHX,G1 THERAPEUTICS INC
CLNC,COLONY CREDIT REAL ESTATE INC CLAS
PLT,PLANTRONICS INC
GTS,TRIPLE S MANAGEMENT CORP CLASS B
ZNTL,ZENTALIS PHARMACEUTICALS INC
XCUR,EXICURE INC
MNLO,MENLO THERAPEUTICS INC
RLMD,RELMADA THERAPEUTICS INC
ADTN,ADTRAN INC
TBI,TRUEBLUE INC
CKH,SEACOR HOLDINGS INC
CPRX,CATALYST PHARMACEUTICALS INC
UEIC,UNIVERSAL ELECTRONICS INC
BHLB,BERKSHIRE HILLS BANCORP INC
KOS,KOSMOS ENERGY LTD
CBB,CINCINNATI BELL INC
LILA,LIBERTY LATIN AMERICA LTD CLASS A
TRWH,TWIN RIVER WORLDWIDE HOLDINGS INC
MBI,MBIA INC
FBM,FOUNDATION BUILDING MATERIALS INC
BMRC,BANK OF MARIN BANCORP
EBSB,MERIDIAN BANCORP INC
JCAP,JERNIGAN CAPITAL INC
GWB,GREAT WESTERN BANCORP INC
PRVB,PROVENTION BIO INC
HEES,H AND E EQUIPMENT SERVICES INC
ARCT,ARCTURUS THERAPEUTICS HOLDINGS INC
CCB,COASTAL FINANCIAL CORP
BCRX,BIOCRYST PHARMACEUTICALS INC
MYFW,FIRST WESTERN FINANCIAL INC
CVI,CVR ENERGY INC
SDC,SMILEDIRECTCLUB INC CLASS A
PQG,PQ GROUP HOLDINGS INC
HCAT,HEALTH CATALYST INC
PGEN,PRECIGEN INC
RMBI,RICHMOND MUTUAL BANCORPORATION INC
BWB,BRIDGEWATER BANCSHARES INC
ALX,ALEXANDERS REIT INC
AXGN,AXOGEN INC
UFCS,UNITED FIRE GROUP INC
BJRI,BJS RESTAURANTS INC
MVBF,MONONGAHELA POWER CORP
MGNI,MAGNITE INC
NVEC,NVE CORP
CNOB,CONNECTONE BANCORP INC
GLDD,GREAT LAKES DREDGE AND DOCK CORP
STRO,SUTRO BIOPHARMA INC
PRTA,PROTHENA PLC
NXGN,NEXTGEN HEALTHCARE INC
CNSL,CONSOLIDATED COMMUNICATIONS HOLDIN
AMEH,APOLLO MEDICAL HOLDINGS INC
PLYM,PLYMOUTH INDUSTRIAL REIT INC
HLX,HELIX ENERGY SOLUTIONS GROUP INC
PDLI,PDL BIOPHARMA INC
QUOT,QUOTIENT TECHNOLOGY INC
YORW,YORK WATER
SSP,EW SCRIPPS CLASS A
GTES,GATES INDUSTRIAL PLC
BMTC,BRYN MAWR BANK CORP
KRA,KRATON CORP
NX,QUANEX BUILDING PRODUCTS CORP
MSGN,MSG NETWORKS INC CLASS A
MBIN,MERCHANTS BANCORP REPRESENTIN
MCB,METROPOLITAN BANK HOLDING CORP
RDNT,RADNET INC
CIR,CIRCOR INTERNATIONAL INC
DBD,DIEBOLD NIXDORF INC
RYTM,RHYTHM PHARMACEUTICALS INC
AIRG,AIRGAIN INC
ODT,ODONATE THERAPEUTICS INC
UIS,UNISYS CORP
FSP,FRANKLIN STREET PROPERTIES REIT CO
BLBD,BLUE BIRD CORP
RESI,FRONT YARD RESIDENTIAL CORP
UVE,UNIVERSAL INSURANCE HOLDINGS INC
SCHN,SCHNITZER STEEL INDUSTRIES INC CLA
MTW,MANITOWOC INC
STRT,STRATTEC SECURITY CORP
AMSF,AMERISAFE INC
ABTX,ALLEGIANCE BANCSHARES INC
RVMD,REVOLUTION MEDICINES INC
NCBS,NICOLET BANKSHARES INC
DSKE,DASEKE INC
LGFA,LIONS GATE ENTERTAINMENT VOTING CO
MDCA,MDC PARTNERS INC CLASS A
GIII,G III APPAREL GROUP LTD
BBSI,BARRETT BUSINESS SERVICES INC
GES,GUESS INC
GNTY,GUARANTY BANCSHARES INC
VSLR,VIVINT SOLAR INC
CBNK,CAPITAL BANCORP INC
SRDX,SURMODICS INC
UROV,UROVANT SCIENCES LTD
KREF,KKR REAL ESTATE FINANCE INC TRUST
EBF,ENNIS INC
NVEE,NV5 GLOBAL INC
AMSWA,AMERICAN SOFTWARE INC CLASS A
ORIC,ORIC PHARMACEUTICALS INC
TPC,TUTOR PERINI CORP
VEC,VECTRUS INC
AMNB,AMERICAN NATIONAL BANKSHARES INC
FBNC,FIRST BANCORP
AXDX,ACCELERATE DIAGNOSTICS INC
COWN,COWEN INC CLASS A
ZIOP,ZIOPHARM ONCOLOGY INC
USX,U S XPRESS ENTERPRISES INC CLASS A
PDLB,PDL COMMUNITY BANCORP
SGH,SMART GLOBAL HOLDINGS INC
AKTS,AKOUSTIS TECHNOLOGIES INC
ECOM,CHANNELADVISOR CORP
LIVX,LIVEXLIVE MEDIA INC
IHRT,IHEARTMEDIA INC CLASS A
RGP,RESOURCES CONNECTION INC
FSB,FRANKLIN FINANCIAL NETWORK INC
ESQ,ESQUIRE FINANCIAL HOLDINGS INC
PLAY,DAVE AND BUSTERS ENTERTAINMENT INC
BTAI,BIOXCEL THERAPEUTICS INC
CRNX,CRINETICS PHARMACEUTICALS INC
PUMP,PROPETRO HOLDING CORP
GPMT,GRANITE POINT MORTGAGE TRUST INC
FCF,FIRST COMMONWEALTH FINANCIAL CORP
MMAC,MMA CAPITAL HOLDINGS INC
CATC,CAMBRIDGE BANCORP
KNL,KNOLL INC
BKE,BUCKLE INC
FIXX,HOMOLOGY MEDICINES INC
KELYA,KELLY SERVICES INC CLASS A
VRCA,VERRICA PHARMACEUTICALS INC
OPBK,OP BANCORP
DBI,DESIGNER BRANDS INC CLASS A
PI,IMPINJ INC
FMAO,FARMERS AND MERCHANTS BANCORP INC
SGRY,SURGERY PARTNERS INC
TILE,INTERFACE INC
CARS,CARS.COM INC
CASS,CASS INFORMATION SYSTEMS INC
XPEL,XPEL INC
USCR,U S CONCRETE INC
TG,TREDEGAR CORP
FCBP,FIRST CHOICE BANCORP
SPWH,SPORTSMANS WAREHOUSE HOLDINGS INC
HWKN,HAWKINS INC
LEVL,LEVEL ONE BANCORP INC
VRS,VERSO CORP CLASS A
BRKL,BROOKLINE BANCORP INC
APTS,PREFERRED APARTMENT COMMUNITIES RE
FBK,FB FINANCIAL CORP
AGMA,FEDERAL AGRICULTURAL MORTGAGE CORP
FNCB,FNCB BANCORP INC
CSTR,CAPSTAR FINANCIAL HOLDINGS INC
BOOM,DMC GLOBAL INC
LBAI,LAKELAND BANCORP INC
THR,THERMON GROUP HOLDINGS INC
PBFS,PIONEER BANCORP INC
CMTL,COMTECH TELECOMMUNICATIONS CORP
ELF,ELF BEAUTY INC
XENT,INTERSECT ENT INC
FFWM,FIRST FOUNDATION INC
HLIT,HARMONIC INC
CENX,CENTURY ALUMINUM
MYE,MYERS INDUSTRIES INC
WTER,ALKALINE WATER INC
ATEX,ANTERIX INC
FLIC,FIRST OF LONG ISLAND CORP
ATRS,ANTARES PHARMA INC
CTMX,CYTOMX THERAPEUTICS INC
AMAL,AMALGAMATED BANK CLASS A
FDBC,FIDELITY D AND D BANCORP INC
GCO,GENESCO INC
HBIO,HARVARD BIOSCIENCE INC
AMTB,AMERANT BANCORP INC CLASS A
ENVA,ENOVA INTERNATIONAL INC
GME,GAMESTOP CORP CLASS A
PFBC,PREFERRED BANK
MGPI,MGP INGREDIENTS INC
LC,LENDINGCLUB CORP
NEX,NEXTIER OILFIELD SOLUTIONS INC
CNDT,CONDUENT INC
SPPI,SPECTRUM PHARMACEUTICALS INC
RVLV,REVOLVE GROUP CLASS A INC
GOSS,GOSSAMER BIO INC
LL,LUMBER LIQUIDATORS HOLDINGS INC
RPT,RPT REALTY
FLWS,1-800 FLOWERS.COM INC CLASS A
TRST,TRUSTCO BANK CORP
CPE,CALLON PETROLEUM
RBNC,RELIANT BANCORP INC
UMH,UMH PROPERTIES REIT INC
NFBK,NORTHFIELD BANCORP INC
WSBF,WATERSTONE FINANCIAL INC
EXTR,EXTREME NETWORKS INC
TGI,TRIUMPH GROUP INC
TBNK,TERRITORIAL BANCORP INC
HSII,HEIDRICK AND STRUGGLES INTERNATION
AMRX,AMNEAL PHARMACEUTICALS INC CLASS A
PIRS,PIERIS PHARMACEUTICALS INC
ZIXI,ZIX CORP
EPM,EVOLUTION PETROLEUM CORP
QNST,QUINSTREET INC
MOD,MODINE MANUFACTURING
GTX,GARRETT MOTION INC
NSCO,NESCO HOLDINGS INC CLASS A
QADA,QAD INC CLASS A
HMST,HOMESTREET INC
UEC,URANIUM ENERGY CORP
WOW,WIDEOPENWEST INC
SACH,SACHEM CAPITAL CORP
EAF,GRAFTECH INTERNATIONAL LTD
UFPT,UFP TECHNOLOGIES INC
GRPN,GROUPON INC
PEBO,PEOPLES BANCORP INC
FCBC,FIRST COMMUNITY BANKSHARES INC
PHAT,PHATHOM PHARMACEUTICALS INC
THFF,FIRST FINANCIAL CORPORATION INDIAN
MBWM,MERCANTILE BANK CORP
AVD,AMER VANGUARD CORP
BATRA,LIBERTY MEDIA LIBERTY BRAVES CORP
GEFB,GREIF INC CLASS B
RBB,RBB BANCORP
SWTX,SPRINGWORKS THERAPEUTICS INC
MCFT,MASTERCRAFT BOAT HOLDINGS INC
ANDE,ANDERSONS INC
VIE,VIELA BIO INC
BY,BYLINE BANCORP INC
BHB,BAR HARBOR BANKSHARES
PARR,PAR PACIFIC HOLDINGS INC
MERC,MERCER INTERNATIONAL INC
CYH,COMMUNITY HEALTH SYSTEMS INC
CAL,CALERES INC
CLPR,CLIPPER REALTY INC
HCKT,HACKETT GROUP INC
VHC,VIRNETX HOLDING CORP
FC,FRANKLIN COVEY
CCO,CLEAR CHANNEL OUTDOOR HOLDINGS INC
SP,SP PLUS CORP
PLSE,PULSE BIOSCIENCES INC
GRBK,GREEN BRICK PARTNERS INC
GRTS,GRITSTONE ONCOLOGY INC
NK,NANTKWEST INC
HCI,HCI GROUP INC
BOMN,BOSTON OMAHA CORP CLASS A
PCB,PCB BANCORP
BPRN,THE BANK OF PRINCETON
MEET,THE MEET GROUP INC
GSBC,GREAT SOUTHERN BANCORP INC
CMO,CAPSTEAD MORTGAGE REIT CORP
CBTX,CBTX INC
MLR,MILLER INDUSTRIES INC
PCSB,PCSB FINANCIAL CORP
USM,UNITED STATES CELLULAR CORP
CENT,CENTRAL GARDEN AND PET
PBI,PITNEY BOWES INC
SM,SM ENERGY
BFST,BUSINESS FIRST BANCSHARES INC
OCUL,OCULAR THERAPEUTIX INC
OBNK,ORIGIN BANCORP INC
FVCB,FVCBANKCORP INC
ENOB,ENOCHIAN BIOSCIENCES INC
RST,ROSETTA STONE INC
MSBI,MIDLAND STATES BANCORP INC
KOP,KOPPERS HOLDINGS INC
FRPH,FRP HOLDINGS INC
HRTG,HERITAGE INSURANCE HOLDINGS INC
HY,HYSTER YALE MATERIALS HANDLING INC
HROW,HARROW HEALTH INC
SCU,SCULPTOR CAPITAL MANAGEMENT INC CL
CRAI,CRA INTERNATIONAL INC
QEP,QEP RESOURCES INC
EZPW,EZCORP NON VOTING INC CLASS A
CSV,CARRIAGE SERVICES INC
TEN,TENNECO INC CLASS A
TYME,TYME TECHNOLOGIES INC
CTRN,CITI TRENDS INC
MBIO,MUSTANG BIO INC
CAC,CAMDEN NATIONAL CORP
ASIX,ADVANSIX INC
BRP,BRP GROUP INC CLASS A
PAYS,PAYSIGN INC
GDEN,GOLDEN ENTERTAINMENT INC
BFS,SAUL CENTERS REIT INC
CTT,CATCHMARK TIMBER TRUST INC CLASS A
WETF,WISDOMTREE INVESTMENTS INC
BPFH,BOSTON PRIVATE FINANCIAL HOLDINGS
RUSHB,RUSH ENTERPRISES INC CLASS B
TBBK,BANCORP INC
ARTNA,ARTESIAN RESOURCES CORP CLASS A
AI,ARLINGTON ASSET INVESTMENT CLASS A
SENEA,SENECA FOODS CORP CLASS A
CYBE,CYBEROPTICS CORP
RMR,RMR GROUP INC CLASS A
EVLO,EVELO BIOSCIENCES INC
PFIS,PEOPLES FINANCIAL SERVICES CORP
STXB,SPIRIT OF TEXAS BANCSHARES INC
BCML,BAYCOM CORP
OIS,OIL STATES INTERNATIONAL INC
GDP,GOODRICH PETE CORP
VVI,VIAD CORP
PBYI,PUMA BIOTECHNOLOGY INC
EVRI,EVERI HOLDINGS INC
DCO,DUCOMMUN INC
TUP,TUPPERWARE BRANDS CORP
FGBI,FIRST GUARANTY BANCSHARES INC
OLP,ONE LIBERTY PROPERTIES REIT INC
EGRX,EAGLE PHARMACEUTICALS INC
CLCT,COLLECTORS UNIVERSE INC
AROW,ARROW FINANCIAL CORP
CTO,CTO REALTY GROWTH INC
AGYS,AGILISYS INC
RNDB,RANDOLPH BANCORP INC
AGEN,AGENUS INC
OPTN,OPTINOSE INC
CAI,CAI INTERNATIONAL INC
MTSC,MTS SYSTEMS CORP
CWBR,COHBAR INC
NXTC,NEXTCURE INC
CATO,CATO CORP CLASS A
HFFG,HF FOODS GROUP INC
PROS,PROSIGHT GLOBAL INC
FORR,FORRESTER RESEARCH INC
NLS,NAUTILUS INC
HVT,HAVERTY FURNITURE COMPANIES INC
APT,ALPHA PRO TECH LTD
PAR,PAR TECHNOLOGY CORP
MCRI,MONARCH CASINO AND RESORT INC
AMAG,AMAG PHARMACEUTICALS INC
MRNS,MARINUS PHARMACEUTICALS INC
WTBA,WEST BANCORPORATION INC
GPRE,GREEN PLAINS INC
EGY,VAALCO ENERGY INC
FFIC,FLUSHING FINANCIAL CORP
ANIP,ANI PHARMACEUTICALS INC
TPB,TURNING POINT BRANDS INC
CURO,CURO GROUP HOLDINGS CORP
DGII,DIGI INTERNATIONAL INC
FBIO,FORTRESS BIOTECH INC
RGS,REGIS CORP
QCRH,QCR HOLDINGS INC
MOBL,MOBILEIRON INC
YCBD,CBDMD INC
SWAV,SHOCKWAVE MEDICAL INC
LOCO,EL POLLO LOCO INC
CETV,CENTRAL EUROPEAN MEDIA ENTERPRISES
CRK,COMSTOCK RESOURCES INC
GHL,GREENHILL INC
VYGR,VOYAGER THERAPEUTICS INC
HCCI,HERITAGE CRYSTAL INC
ODC,OIL DRI CORPORATION OF AMERICA
EIDX,EIDOS THERAPEUTICS INC
ANGO,ANGIODYNAMICS INC
STFC,STATE AUTO FINANCIAL CORP
BNFT,BENEFITFOCUS INC
RFP,RESOLUTE FOREST PRODUCTS INC
GTT,GTT COMMUNICATIONS INC
AMOT,ALLIED MOTION TECHNOLOGIES INC
SRG,SERITAGE GROWTH PROPERTIES CLA
INS,INTELLIGENT SYSTEMS CORP
LQDA,LIQUIDIA TECHNOLOGIES INC
BZH,BEAZER HOMES INC
RBCAA,REPUBLIC BANCORP INC CLASS A
SOI,SOLARIS OILFIELD INFRASTRUCTURE IN
EGLE,EAGLE BULK SHIPPING INC
QTRX,QUANTERIX CORP
BCOV,BRIGHTCOVE INC
NCMI,NATIONAL CINEMEDIA INC
EVOK,EVOKE PHARMA INC
LMAT,LEMAITRE VASCULAR INC
EXTN,EXTERRAN CORP
CUBI,CUSTOMERS BANCORP INC
CONN,CONNS INC
DSSI,DIAMOND S SHIPPING INC
CLNE,CLEAN ENERGY FUELS CORP
MFIN,MEDALLION FINANCIAL CORP
PGNY,PROGYNY INC
UG,UNITED GUARDIAN INC
UVSP,UNIVEST FINANCIAL CORP
HTBI,HOMETRUST BANCSHARES INC
TSC,TRISTATE CAPITAL HOLDINGS INC
PLYA,PLAYA HOTELS & RESORTS NV
IIIV,I3 VERTICALS INC CLASS A
CIA,CITIZENS INC CLASS A
SCPL,SCIPLAY CLASS A CORP
IBCP,INDEPENDENT BANK CORP
RUTH,RUTHS HOSPITALITY GROUP INC
MCS,THE MARCUS CORP
EIGI,ENDURANCE INTERNATIONAL GROUP HOLD
HBNC,HORIZON BNCP IND
BGSF,BG STAFFING INC
LDL,LYDALL INC
VSEC,VSE CORP
TXMD,THERAPEUTICSMD INC
MTRX,MATRIX SERVICE
HZO,MARINEMAX INC
MCRB,SERES THERAPEUTICS INC
CHUY,CHUYS HOLDINGS INC
ATRO,ASTRONICS CORP
PWOD,PENNS WOODS BANCORP INC
ADES,ADVANCED EMISSIONS SOLUTIONS INC
CDMO,AVID BIOSERVICES INC
DDS,DILLARDS INC CLASS A
AKCA,AKCEA THERAPEUTICS INC
POWL,POWELL INDUSTRIES INC
LAWS,LAWSON PRODUCTS INC
WTTR,SELECT ENERGY SERVICES INC CLASS A
IHC,INDEPENDENCE HOLDING
CHEF,CHEFS WAREHOUSE INC
LCI,LANNETT COMPANY INC
AMC,AMC ENTERTAINMENT HOLDINGS INC CLA
TRUE,TRUECAR INC
MUX,MCEWEN MINING INC
SCVL,SHOE CARNIVAL INC
KE,KIMBALL ELECTRONICS INC
ATEN,A10 NETWORKS INC
FOSL,FOSSIL GROUP INC
FRTA,FORTERRA INC
NKSH,NATIONAL BANKSHARES INC
RVI,RETAIL VALUE INC
VPG,VISHAY PRECISION GROUP INC
SLCA,US SILICA HOLDINGS INC
ZYXI,ZYNEX INC
CLAR,CLARUS CORP
NPTN,NEOPHOTONICS CORP
BV,BRIGHTVIEW HOLDINGS INC
DRRX,DURECT CORP
BE,BLOOM ENERGY CLASS A CORP
FLMN,FALCON MINERALS CORP CLASS A
HT,HERSHA HOSPITALITY REIT TRUST CLAS
REAL,THE REALREAL INC
DFIN,DONNELLEY FINANCIAL SOLUTIONS INC
MNK,MALLINCKRODT PLC
VLGEA,VILLAGE SUPER MARKET INC CLASS A
CMRX,CHIMERIX INC
NSSC,NAPCO SECURITY TECHNOLOGIES INC
BCLI,BRAINSTORM CELL THERAPEUTICS INC
INSE,INSPIRED ENTERTAINMENT INC
NWPX,NORTHWEST PIPE
GORO,GOLD RESOURCE CORP
CODA,CODA OCTOPUS GROUP INC
LOVE,LOVESAC COMPANY
LFVN,LIFEVANTAGE CORP
FF,FUTUREFUEL CORP
BDSI,BIODELIVERY SCIENCES INTERNATIONAL
SRTS,SENSUS HEALTHCARE INC
SNCR,SYNCHRONOSS TECHNOLOGIES INC
HAYN,HAYNES INTERNATIONAL INC
HIL,HILL INTERNATIONAL INC
HURC,HURCO COMPANIES INC
UFI,UNIFI INC
LNDC,LANDEC CORP
ORGO,ORGANOGENESIS HOLDINGS INC CLASS A
GSKY,GREENSKY INC CLASS A
PHAS,PHASEBIO PHARMACEUTICALS INC
OVID,OVID THERAPEUTICS INC
APRE,APREA THERAPEUTICS INC
EB,EVENTBRITE CLASS A INC
KRO,KRONOS WORLDWIDE INC
NBR,NABORS INDUSTRIES LTD
CBAY,CYMABAY THERAPEUTICS INC
FRGI,FIESTA RESTAURANT GROUP INC
ACRE,ARES COMMERCIAL REAL ESTATE REIT C
DX,DYNEX CAPITAL REIT INC
SNR,NEW SENIOR INVESTMENT GROUP INC
TRNS,TRANSCAT INC
BTU,PEABODY ENERGY CORP
FLDM,FLUIDIGM CORP
LBRT,LIBERTY OILFIELD SERVICES INC CLAS
ELVT,ELEVATE CREDIT INC
PRPL,PURPLE INNOVATION INC
WVE,WAVE LIFE SCIENCES LTD
GBLI,GLOBAL INDEMNITY LTD CLASS A
MRKR,MARKER THERAPEUTICS INC
CPSI,COMPUTER PROGRAMS AND SYSTEMS INC
WLDN,WILLDAN GROUP INC
CELC,CELCUITY INC
CCRN,CROSS COUNTRY HEALTHCARE INC
HBCP,HOME BANCORP INC
OPY,OPPENHEIMER HOLDINGS NON VOTING IN
WTI,W AND T OFFSHORE INC
EGAN,EGAIN CORP
LAKE,LAKELAND INDUSTRIES INC
AVID,AVID TECHNOLOGY INC
TIPT,TIPTREE INC
OSBC,OLD SECOND BANCORP INC
ETH,ETHAN ALLEN INC
SIEB,SIEBERT FINANCIAL CORP
SBT,STERLING BANCORP INC
MESA,MESA AIR GROUP INC
SFST,SOUTHERN FIRST BANCSHARES INC
GPOR,GULFPORT ENERGY CORP
TPHS,TRINITY PLACE HOLDINGS INC
INFU,INFUSYSTEM HOLDINGS INC
FLGT,FULGENT GENETICS INC
SGA,SAGA COMMUNICATIONS INC CLASS A
FMNB,FARMERS NATIONAL BANC CORP
TORC,RESTORBIO
PKE,PARK AEROSPACE CORP
WPG,WASHINGTON PRIME GROUP INC
TITN,TITAN MACHINERY INC
IRMD,IRADIMED CORP
WTRH,WAITR HOLDINGS INC
LUNA,LUNA INNOVATIONS INC
ACNB,ACNB CORP
AAOI,APPLIED OPTOELECTRONICS INC
MCBC,MACATAWA BANK CORP
CNR,CORNERSTONE BUILDING BRANDS INC
IESC,IES INC
MCF,CONTANGO OIL AND GAS
RBBN,RIBBON COMMUNICATIONS INC
ORBC,ORBCOMM INC
DXPE,DXP ENTERPRISES INC
NRIM,NORTHRIM BANCORP INC
MTNB,MATINAS BIOPHARMA HOLDINGS INC
CDZI,CADIZ INC
ETNB,89BIO INC
ARPO,AERPIO PHARMACEUTICALS INC
HOFT,HOOKER FURNITURE CORP
SXC,SUNCOKE ENERGY INC
XOMA,XOMA CORP
EBTC,ENTERPRISE BANCORP INC
FLNT,FLUENT INC
SMBC,SOUTHERN MISSOURI BANCORP INC
SYX,SYSTEMAX INC
FNLC,FIRST BANCORP INC
CZNC,CITIZENS AND NORTHERN CORP
CPS,COOPER STANDARD HOLDINGS INC
MGTA,MAGENTA THERAPEUTICS INC
SSTI,SHOTSPOTTER INC
WSR,WHITESTONE REIT
CTSO,CYTOSORBENTS CORP
CCBG,CAPITAL CITY BANK INC
IVC,INVACARE CORP
AMPE,AMPIO PHARMACEUTICALS INC
FONR,FONAR CORP
BFYT,BENEFYTT TECHNOLOGIES INC CLASS A
CPLG,COREPOINT LODGING INC
MNKD,MANNKIND CORP
BDGE,BRIDGE BANCORP INC
TDW,TIDEWATER INC
CHS,CHICOS FAS INC
TAST,CARROLS RESTAURANT GROUP INC
PGC,PEAPACK GLADSTONE FINANCIAL CORP
HZN,HORIZON GLOBAL CORP
CPF,CENTRAL PACIFIC FINANCIAL CORP
DMRC,DIGIMARC CORP
CNCE,CONCERT PHARMACEUTICALS INC
EVI,EVI INDUSTRIES INC
STRL,STERLING CONSTRUCTION INC
NR,NEWPARK RESOURCES INC
VRAY,VIEWRAY INC
GLRE,GREENLIGHT CAPITAL LTD CLASS A
MNOV,MEDICINOVA INC
CDEV,CENTENNIAL RESOURCE DEVELOPMENT IN
SND,SMART SAND INC
HAFC,HANMI FINANCIAL CORP
OOMA,OOMA INC
STSA,SATSUMA PHARMACEUTICALS INC
RRGB,RED ROBIN GOURMET BURGERS INC
RCKY,ROCKY BRANDS INC
MITK,MITEK SYSTEMS INC
ATLO,AMES NATIONAL CORP
FBMS,FIRST BANCSHARES INC
CMLS,CUMULUS MEDIA INC CLASS A
OAS,OASIS PETROLEUM INC
TACO,DEL TACO RESTAURANTS INC
CECE,CECO ENVIRONMENTAL CORP
HWBK,HAWTHORN BANCSHARES INC
PLBC,PLUMAS BANCORP
CCNE,CNB FINANCIAL CORP
KZR,KEZAR LIFE SCIENCES INC
FISI,FINANCIAL INSTITUTIONS INC
FPRX,FIVE PRIME THERAPEUTICS INC
HOME,AT HOME GROUP INC
FRG,FRANCHISE GROUP INC
WTRE,WATFORD HOLDINGS LTD
BLFS,BIOLIFE SOLUTIONS INC
UBA,URSTADT BIDDLE PROPERTIES REIT INC
BSRR,SIERRA BANCORP
AVNW,AVIAT NETWORKS INC
WLFC,WILLIS LEASE FINANCE CORP
PCYO,PURE CYCLE CORP
NBEV,NEW AGE BEVERAGES CORP
SIC,SELECT INTERIOR CONCEPTS INC CLASS
WEYS,WEYCO GROUP INC
AXTI,AXT INC
ARAY,ACCURAY INC
GLYC,GLYCOMIMETICS INC
GCAP,GAIN CAPITAL HOLDINGS INC
PD,PAGERDUTY INC
CLXT,CALYXT INC
MOFG,MIDWESTONE FINANCIAL GROUP INC
IMMR,IMMERSION CORP
BRY,BERRY
NOG,NORTHERN OIL AND GAS INC
RM,REGIONAL MANAGEMENT CORP
PRTS,US AUTO PARTS NETWORK INC
FI,FRANK S INTERNATIONAL NV
AJX,GREAT AJAX CORP
LTRPA,LIBERTY TRIPADVISOR HOLDINGS INC S
ULH,UNIVERSAL LOGISTICS INC
SONA,SOUTHERN NATIONAL BANCORP OF VIRGI
DAKT,DAKTRONICS INC
BSET,BASSETT FURNITURE INDUSTRIES INC
CLDT,CHATHAM LODGING TRUST REIT
LYTS,LSI INDUSTRIES INC
GAIA,GAIA INC CLASS A
HMHC,HOUGHTON MIFFLIN HARCOURT
RTIX,RTI SURGICAL HOLDINGS INC
TRC,TEJON RANCH
CVLG,COVENANT LOGISTICS GROUP INC CLASS
KRMD,REPRO MED SYSTEM INC
GOGO,GOGO INC
CBMG,CELLULAR BIOMEDICINE GROUP INC
SPOK,SPOK HOLDINGS INC
ETM,ENTERCOM COMMUNICATIONS CORP CLASS
CEIX,CONSOL ENERGY INC
LE,LAND END INC
WNEB,WESTERN NEW ENGLAND BANCORP INC
GPX,GP STRATEGIES CORP
OYST,OYSTER POINT PHARMA INC
PFNX,PFENEX INC
EQBK,EQUITY BANCSHARES INC CLASS A
ALSK,ALASKA COMMUNICATIONS SYSTEMS GROU
RES,RPC INC
LPG,DORIAN LPG LTD
VRTV,VERITIV CORP
STXS,STEREOTAXIS INC
ASPS,ALTISOURCE PORTFOLIO SOLUTIONS SA
GCI,GANNETT CO INC
DLTH,DULUTH HOLDINGS INC CLASS B
PVBC,PROVIDENT BANCORP INC
CALA,CALITHERA BIOSCIENCES INC
RC,READY CAPITAL CORP
ARLO,ARLO TECHNOLOGIES INC
TNAV,TELENAV INC
TSBK,TIMBERLAND BANCORP INC
BREW,CRAFT BREW ALLIANCE INC
STRS,STRATUS PROPERTIES INC
TALO,TALOS ENERGY INC
SCOR,COMSCORE INC
EML,EASTERN
LQDT,LIQUIDITY SERVICES INC
ISEE,IVERIC BIO INC
FREQ,FREQUENCY THERAPEUTICS INC
TISI,TEAM INC
PKOH,PARK OHIO HOLDINGS CORP
SIEN,SIENTRA INC
UTI,UNIVERSAL TECHNICAL INSTITUTE INC
GNSS,GENASYS INC
LMNR,LIMONEIRA
PHX,PANHANDLE OIL AND GAS INC CLASS A
FBIZ,FIRST BUSINESS FINANCIAL SERVICES
CLFD,CLEARFIELD INC
SMMF,SUMMIT FINANCIAL GROUP INC
CIVB,CIVISTA BANCSHARES INC
GNE,GENIE ENERGY LTD CLASS B
TMST,TIMKENSTEEL CORP
APYX,APYX MEDICAL CORP
BCEI,BONANZA CREEK ENERGY INC
KVHI,KVH INDUSTRIES INC
LAND,GLADSTONE LAND REIT CORP
MNRL,BRIGHAM MINERALS INC CLASS A
NH,NANTHEALTH INC
ITI,ITERIS INC
RIGL,RIGEL PHARMACEUTICALS INC
AVXL,ANAVEX LIFE SCIENCES CORP
CRDA,CRAWFORD CLASS A
BRG,BLUEROCK RESIDENTIAL GROWTH REIT C
LIND,LINDBLAD EXPEDITIONS HOLDINGS INC
NNBR,NN INC
APLT,APPLIED THERAPEUTICS INC
JNCE,JOUNCE THERAPEUTICS INC
WHG,WESTWOOD HOLDINGS GROUP INC
ESCA,ESCALADE INC
XBIT,XBIOTECH INC
PKBK,PARKE BANCORP INC
CVCY,CENTRAL VALLEY COMMUNITY BANCORP
ELOX,ELOXX PHARMACEUTICALS INC
JYNT,JOINT CORP
VAL,VALARIS PLC CLASS A
SMBK,SMARTFINANCIAL INC
ERII,ENERGY RECOVERY INC
GSIT,GSI TECHNOLOGY INC
GNK,GENCO SHIPPING AND TRADING LTD
PTVCB,PROTECTIVE INSURANCE CORP CLASS B
LCNB,LCNB CORP
BWFG,BANKWELL FINANCIAL GROUP INC
AGRX,AGILE THERAPEUTICS INC
FNWB,FIRST NORTHWEST BAN
ORRF,ORRSTOWN FINANCIAL SERVICES INC
EKSO,EKSO BIONICS INC
CVLY,CODORUS VALLEY BANCORP INC
CUTR,CUTERA INC
ELMD,ELECTROMED INC
HOV,HOVNANIAN ENTERPRISES INC CLASS A
DNR,DENBURY RESOURCES INC
DGICA,DONEGAL GROUP INC CLASS A
RMTI,ROCKWELL MEDICAL INC
FPI,FARMLAND PARTNERS INC
FCCO,FIRST COMMUNITY CORP
EEX,EMERALD HOLDING INC
RICK,RCI HOSPITALITY HOLDINGS INC
AMRS,AMYRIS INC
RYAM,RAYONIER ADVANCED MATERIALS INC
ESSA,ESSA BANCORP INC
RLGT,RADIANT LOGISTIC INC
FUV,ARCIMOTO INC
GHM,GRAHAM CORP
ACRX,ACELRX PHARMACEUTICALS INC
ACRS,ACLARIS THERAPEUTICS INC
ATOM,ATOMERA INC
ALNA,ALLENA PHARMACEUTICALS INC
ASFI,ASTA FUNDING INC
SUP,SUPERIOR INDS INC
LPCN,LIPOCINE INC
HBT,HBT FINANCIAL INC
HARP,HARPOON THERAPEUTICS INC
ASPN,ASPEN AEROGELS INC
UTMD,UTAH MEDICAL PRODUCTS INC
PRGX,PRGX GLOBAL INC
ISTR,INVESTAR HOLDING CORP
NDLS,NOODLES CLASS A
SPKE,SPARK ENERGY INC CLASS A
FSTR,LB FOSTER
VSTM,VERASTEM INC
OSW,ONESPAWORLD HOLDINGS LTD
GEOS,GEOSPACE TECHNOLOGIES CORP
SGC,SUPERIOR GROUP OF COMPANIES INC
UNTY,UNITY BANCORP INC
OVLY,OAK VALLEY BANCORP
MOV,MOVADO GROUP INC
REI,RING ENERGY INC
SCWX,SECUREWORKS CLASS A CORP
PFBI,PREMIER FINANCIAL BANCORP INC
LINC,LINCOLN EDUCATIONAL SERVICES CORP
SMHI,SEACOR MARINE HOLDINGS INC
PFSW,PFSWEB INC
MIRM,MIRUM PHARMACEUTICALS INC
REVG,REV GROUP INC
BLNK,BLINK CHARGING
TELL,TELLURIAN INC
IIN,INTRICON CORP
KALV,KALVISTA PHARMACEUTICALS INC
PEI,PENNSYLVANIA REAL ESTATE INVESTMEN
FNHC,FEDNAT HOLDING COMPANY
GENC,GENCOR INDUSTRIES INC
ANH,ANWORTH MORTGAGE ASSET REIT CORP
MTEM,MOLECULAR TEMPLATES INC
CASA,CASA SYSTEMS INC
YRCW,YRC WORLDWIDE INC
EIGR,EIGER BIOPHARMACEUTICALS INC
TREC,TRECORA RESOURCES
MLVF,MALVERN BANCORP INC
GV,GOLDFIELD CORP
SBOW,SILVERBOW RESOURCES INC
PBIP,PRUDENTIAL BANCORP INC
PROV,PROVIDENT FINANCIAL HOLDINGS INC
MSON,MISONIX INC
FUNC,FIRST UNITED CORP
RVSB,RIVERVIEW BANCORP INC
PICO,PICO HOLDINGS INC
SHBI,SHORE BANCSHARES INC
VOXX,VOXX INTERNATIONAL CORP CLASS A
SAMG,SILVERCREST ASSET MANAGEMENT GROUP
FCCY,1ST CONSTITUTION BANCORP
OESX,ORION ENERGY SYSTEMS INC
GSB,GLOBALSCAPE INC
DLA,DELTA APPAREL INC
GBL,GAMCO INVESTORS INC CLASS A
ZEUS,OLYMPIC STEEL INC
IVAC,INTEVAC INC
VNTR,VENATOR MATERIALS PLC
REV,REVLON INC CLASS A
CLDX,CELLDEX THERAPEUTICS INC
ICAD,ICAD INC
SREV,SERVICESOURCE INTERNATIONAL INC
ADMS,ADAMAS PHARMACEUTICALS INC
PRTK,PARATEK PHARMACEUTICALS INC
IPI,INTREPID POTASH INC
SPRO,SPERO THERAPEUTICS INC
UBCP,UNITED BANCORP INC
ENZ,ENZO BIOCHEM INC
AWH,ASPIRA WOMENS HEALTH INC
ESXB,COMMUNITY BANKERS CORP TRUST
ESTE,EARTHSTONE ENERGY INC CLASS A
BRT,BRT APARTMENTS CORP
MEIP,MEI PHARMA INC
ACBI,ATLANTIC CAPITAL BANCSHARES INC
RYI,RYERSON HOLDING CORP
RRD,RR DONNELLEY AND SONS
CBAN,COLONY BANKCORP INC
TLYS,TILLYS INC CLASS A
PCTI,PCTEL INC
DHIL,DIAMOND HILL INVESTMENT GROUP INC
ABEO,ABEONA THERAPEUTICS INC
BELFB,BEL FUSE INC CLASS B
MLP,MAUI LAND AND PINEAPPLE INC
HMTV,HEMISPHERE MEDIA GROUP INC CLASS A
QUAD,QUAD GRAPHICS INC CLASS A
AMRB,AMERICAN RIVER BANKSHARES
PZN,PZENA INVESTMENT MANAGEMENT INC CL
ATLC,ATLANTICUS HOLDINGS CORP
PXLW,PIXELWORKS INC
ALBO,ALBIREO PHARMA INC
WATT,ENERGOUS CORP
ISSC,INNOVATIVE SOLUTIONS AND SUPPORT I
FULC,FULCRUM THERAPEUTICS INC
FFNW,FIRST FINANCIAL NORTHWEST INC
SPNE,SEASPINE HOLDINGS CORP
AGLE,AEGLEA BIOTHERAPEUTICS INC
CYCN,CYCLERION THERAPEUTICS INC
PVAC,PENN VA CORP
MR,MONTAGE RESOURCES CORP
VTOL,BRISTOW GROUP INC
FEIM,FREQUENCY ELECTRONICS INC
EARN,ELLINGTON RESIDENTIAL MORTGAGE REI
OPRT,OPORTUN FINANCIAL CORP
IEC,IEC ELECTRONICS CORP
SBPH,SPRING BANK PHARMACEUTICALS INC
ZAGG,ZAGG INC
HIFS,HINGHAM INSTITUTION FOR SAVINGS
CARE,CARTER BANK AND TRUST
NATR,NATURES SUNSHINE PRODUCTS INC
AMPY,AMPLIFY ENERGY CORP
XONE,EXONE
AFI,ARMSTRONG FLOORING INC
MGI,MONEYGRAM INTERNATIONAL INC
HCHC,HC HOLDINGS INC
BWEN,BROADWIND INC
KOPN,KOPIN CORP
UIHC,UNITED INSURANCE HOLDINGS CORP
XXII,22ND CENTURY GROUP INC
MNTX,MANITEX INTERNATIONAL INC
AMSC,AMERICAN SUPERCONDUCTOR CORP
RAPT,RAPT THERAPEUTICS INC
RDI,READING INTERNATIONAL NON VOTING I
CABA,CABALETTA BIO INC
LJPC,LA JOLLA PHARMACEUTICAL
GALT,GALECTIN THERAPEUTICS INC
CDXC,CHROMADEX CORP
LEU,CENTRUS ENERGY CORP CLASS A
EVC,ENTRAVISION COMMUNICATIONS CORP CL
KODK,EASTMAN KODAK
RFL,RAFAEL HOLDINGS INC CLASS B
IDYA,IDEAYA BIOSCIENCES INC
JAX,J ALEXANDERS HOLDINGS INC
BXC,BLUELINX HOLDINGS INC
SHSP,SHARPSPRING INC
BCBP,BCB BANCORP INC
DS,DRIVE SHACK REIT INC
CORR,CORENERGY INFRASTRUCTURE TRUST REI
DHX,DHI GROUP INC
ORN,ORION GROUP INC
AGS,PLAYAGS INC
CKPT,CHECKPOINT THERAPEUTICS INC
TRCH,TORCHLIGHT ENERGY RESOURCES INC
SYNL,SYNALLOY CORP
BBW,BUILD A BEAR WORKSHOP INC
USAP,UNIVERSAL STAINLESS AND ALLOY PROD
NICK,NICHOLAS FINANCIAL INC
FTK,FLOTEK INDUSTRIES INC
SFE,SAFEGUARD SCIENTIFICS INC
DWSN,DAWSON GEOPHYSICAL
SNFCA,SECURITY NATIONAL FINANCIAL CORP C
LIQT,LIQTECH INTERNATIONAL INC
FRBK,REPUBLIC FIRST BANCORP INC
RMNI,RIMINI STREET INC
USAK,USA TRUCK INC
APTX,APTINYX INC
CRMD,CORMEDIX INC
CHMI,CHERRY HILL MORTGAGE INVESTMENT RE
ORGS,ORGENESIS INC
VRA,VERA BRADLEY INC
CNTY,CENTURY CASINOS INC
OCN,OCWEN FINANCIAL CORP
TMUSR,T MOBILE US SUBSCRIPTION RIGHTS IN
NE,NOBLE PLC
XERS,XERIS PHARMACEUTICALS INC
DTIL,PRECISION BIOSCIENCES INC
PRTY,PARTY CITY HOLDCO INC
IDN,INTELLICHECK INC
CLSD,CLEARSIDE BIOMEDICAL INC
TPCO,TRIBUNE PUBLISHING
IDT,IDT CORP CLASS B
MTBC,MTBC INC
CNBKA,CENTURY BANCORP INC CLASS A
CTG,COMPUTER TASK GROUP INC
RILY,B RILEY FINANCIAL INC
PTN,PALATIN TECHNOLOGIES INC
XAIR,BEYOND AIR INC
LCUT,LIFETIME BRANDS INC
CVGI,COMMERCIAL VEHICLE GROUP INC
XELA,EXELA TECHNOLOGIES INC
CHAP,CHAPARRAL ENERGY INC CLASS A
FVE,FIVE STAR SENIOR LIVING INC
WMC,WESTERN ASSET MORTGAGE CAPITAL REI
KIN,KINDRED BIOSCIENCES INC
SCYX,SCYNEXIS INC
GFN,GENERAL FINANCE CORP
MRLN,MARLIN BUSINESS SERVICES CORP
STIM,NEURONETICS INC
CWBC,COMMUNITY WEST BANCSHARES
BNED,BARNES AND NOBLE EDUCATION INC
MVIS,MICROVISION INC
MJCO,MAJESCO
OTIC,OTONOMY INC
HOOK,HOOKIPA PHARMA INC
SLCT,SELECT BANCORP INC
BOCH,BANK OF COMMERCE HOLDINGS
DZSI,DASAN ZHONE SOLUTIONS INC
PSTL,POSTAL REALTY TRUST INC CLASS A
ALIM,ALIMERA SCIENCES INC
ADRO,ADURO BIOTECH INC
AC,ASSOCIATED CAPITAL GROUP INC CLASS
CRDB,CRAWFORD CLASS B
AXAS,ABRAXAS PETROLEUM CORP
AGFS,AGROFRESH SOLUTIONS INC
BGG,BRIGGS AND STRATTON CORP
SMED,SHARPS COMPLIANCE CORP
RVP,RETRACTABLE TECHNOLOGIES INC
CDR,CEDAR REALTY TRUST REIT INC
UBFO,UNITED SECURITY BANCSHARES
NERV,MINERVA NEUROSCIENCES INC
ALOT,ASTRO MED INC
EVFM,EVOFEM BIOSCIENCES INC
PACK,RANPAK HOLDINGS CORP CLASS A
CFRX,CONTRAFECT CORP
ZVO,ZOVIO INC
ATXI,AVENUE THERAPEUTICS INC
STND,STANDARD AVB FINANCIAL CORP
PCYG,PARK CITY GROUP INC
TCS,CONTAINER STORE GROUP INC
TWI,TITAN INTERNATIONAL INC
ETON,ETON PHARMACEUTCIALS INC
MG,MISTRAS GROUP INC
DMAC,DIAMEDICA THERAPEUTICS INC
GTYH,GTY TECHNOLOGY HOLDINGS INC
ALTA,ALTABANCORP
FXNC,FIRST NATIONAL CORP
PESI,PERMA FIX ENVIRONMENTAL SERVICES I
VERU,VERU INC
ULBI,ULTRALIFE CORP
FNKO,FUNKO INC CLASS A
CASI,CASI PHARMACEUTICALS INC
DJCO,DAILY JOURNAL CORP
ALTM,ALTUS MIDSTREAM CLASS A
EXPR,EXPRESS INC
REFR,RESEARCH FRONT INC
BMRA,BIOMERICA INC
RUBY,RUBIUS THERAPEUTICS INC
LPI,LAREDO PETROLEUM INC
ARA,AMERICAN RENAL ASSOCIATES HOLDINGS
FRBA,FIRST BANK
XGN,EXAGEN INC
ALRS,ALERUS FINANCIAL CORP
PBPB,POTBELLY CORP
LCTX,LINEAGE CELL THERAPEUTICS INC
III,INFORMATION SERVICES GROUP INC
CPSS,CONSUMER PORTFOLIO SERVICES INC
NCSM,NCS MULTISTAGE HOLDINGS INC
CSBR,CHAMPIONS ONCOLOGY INC
LXRX,LEXICON PHARMACEUTICALS INC
XAN,EXANTAS CAPITAL CORP
UONEK,URBAN ONE INC CLASS D
CRC,CALIFORNIA RESOURCES CORP
LONE,LONESTAR RESOURCES US INC CLASS A
ONVO,ORGANOVO HOLDINGS INC
SLDB,SOLID BIOSCIENCES INC
USLM,UNITED STATES LIME AND MINERALS IN
AGTC,APPLIED GENETIC TECHNOLOGIES CORP
FUSB,FIRST US BANCSHARES INC
LEE,LEE ENTERPRISES INC
SVBI,SEVERN BANCORP INC
FBRX,FORTE BIOSCIENCES INC
AWRE,AWARE INC
WYY,WIDEPOINT CORP
EVSI,ENVISION SOLAR INTERNATIONAL INC
BKTI,BK TECHNOLOGIES CORP
FCAP,FIRST CAPITAL INC
MITT,AG MORTGAGE INVESTMENT TRUST REIT
ASRT,ASSERTIO HOLDINGS INC
CBMB,CBM BANCORP INC
KTCC,KEY TRONIC CORP
TELA,TELA BIO INC
SRT,STARTEK INC
TWIN,TWIN DISC INC
BHR,BRAEMAR HOTELS RESORTS INC
SEAC,SEACHANGE INTERNATIONAL INC
NHTC,NATURAL HEALTH TRENDS CORP
OSMT,OSMOTICA PHARMACEUTICALS PLC
HALL,HALLMARK FINANCIAL SERVICES INC
CHMA,CHIASMA INC
AHT,ASHFORD HOSPITALITY TRUST REIT INC
ASRV,AMERISERV FINANCIAL INC
LOGC,LOGICBIO THERAPEUTICS INC
NATH,NATHANS FAMOUS INC
CMBM,CAMBIUM NETWORKS CORP
HWCC,HOUSTON WIRE AND CABLE
TAT,TRANSATLANTIC PETROLEUM LTD
ITIC,INVESTORS TITLE
VERO,VENUS CONCEPT INC
INVE,IDENTIV INC
LUMO,LUMOS PHARMA INC
TZOO,TRAVELZOO
MEC,MAYVILLE ENGINEERING COMPANY INC
ALDX,ALDEYRA THERAPEUTICS INC
MN,MANNING AND NAPIER INC CLASS A
TMDX,TRANSMEDICS GROUP INC
PPIH,PERMA PIPE INTERNATIONAL HOLDINGS
NEOS,NEOS THERAPEUTICS INC
BLCM,BELLICUM PHARMACEUTICALS INC
TTI,TETRA TECHNOLOGIES INC
HCR,HI-CRUSH COMMON INC
REPH,RECRO PHARMA INC
SPFI,SOUTH PLAINS FINANCIAL INC
CRWS,CROWN CRAFTS INC
KIRK,KIRKLANDS INC
AQST,AQUESTIVE THERAPEUTICS INC
GRIF,GRIFFIN INDUSTRIAL REALTY INC
SMSI,SMITH MICRO SOFTWARE INC
INWK,INNERWORKINGS INC
PWFL,POWERFLEET INC
BW,BABCOCK AND WILCOX ENTERPRISES INC
ASYS,AMTECH SYSTEMS INC
SENS,SENSEONICS HOLDINGS INC
TESS,TESSCO TECHNOLOGIES INC
FRD,FRIEDMAN INDUSTRIES INC
RIVE,RIVERVIEW FINANCIAL CORP
CFMS,CONFORMIS INC
TRVN,TREVENA INC
GROW,US GLOBAL INVESTORS INC CLASS A
TSQ,TOWNSQUARE MEDIA INC CLASS A
FET,FORUM ENERGY TECHNOLOGIES INC
ISR,ISORAY INC
HCFT,HUNT COMPANIES FINANCE TRUST INC
JCS,COMMUNICATIONS SYSTEMS INC
GRTX,GALERA THERAPEUTICS INC
REKR,REKOR SYSTEMS INC
BASI,BIOANALYTICAL SYSTEMS INC
PEIX,PACIFIC ETHANOL INC
KINS,KINGSTONE COMPANIES INC
PAVM,PAVMED INC
KRUS,KURA SUSHI USA INC
AUMN,GOLDEN MINERALS
RLH,RED LION HOTELS CORP
ACTG,ACACIA RESEARCH CORP
KLDO,KALEIDO BIOSCIENCES INC
HEAR,TURTLE BEACH CORP
TACT,TRANSACT TECHNOLOGIES INC
ADMA,ADMA BIOLOGICS INC
RNWK,REALNETWORKS INC
ASUR,ASURE SOFTWARE INC
AUBN,AUBURN NATIONAL BANCORPORATION INC
MCHX,MARCHEX INC CLASS B
QUMU,QUMU CORP
TEUM,PARETEUM CORP
PMD,PSYCHEMEDICS CORP
HSDT,HELIUS MEDICAL TECHNOLOGIES INC CL
BBCP,CONCRETE PUMPING HOLDINGS INC
IEA,INFRASTRUCTURE AND ENERGY ALTERNAT
KLXE,KLX ENERGY SERVICES HOLDINGS INC
FSBW,FS BANCORP INC
ATEC,ALPHATEC HOLDNGS INC
ZYNE,ZYNERBA PHARMACEUTICALS INC
MSVB,MID SOUTHERN BANCORP INC
CSLT,CASTLIGHT HEALTH INC CLASS B
AEYE,AUDIOEYE INC
BSVN,BANK7 CORP
PIH,1347 PROPERTY INSURANCE HOLDINGS I
RGCO,RGC RESOURCES INC
WORX,SCWORX CORP
CDTX,CIDARA THERAPEUTICS INC
MHH,MASTECH DIGITAL INC
MBRX,MOLECULIN BIOTECH INC
INOD,INNODATA INC
HYRE,HYRECAR INC
ARDS,ARIDIS PHARMACEUTICALS INC
INFI,INFINITY PHARMACEUTICALS INC
HNNA,HENNESSY ADVISORS INC
RELL,RICHARDSON ELECTRONICS LTD
PLPC,PREFORMED LINE PRODUCTS
LEAF,LEAF GROUP LTD
HPR,HIGHPOINT RESOURCES CORP
RFIL,RF INDUSTRIES LTD
AVCO,AVALON GLOBOCARE CORP
SELF,GLOBAL SELF STORAGE INC
LAZY,LAZYDAYS HOLDINGS INC
NWFL,NORWOOD FINANCIAL CORP
CEMI,CHEMBIO DIAGNOSTICS INC
CRTX,CORTEXYME INC
BCTF,BANCORP INC
CMT,CORE MOLDING TECHNOLOGIES INC
PMBC,PACIFIC MERCANTILE BANCORP
MACK,MERRIMACK PHARMACEUTICALS INC
UAMY,UNITED STATES ANTIMONY CORP
JWB,JOHN WILEY AND SONS INC CLASS B
SDI,STANDARD DIVERSIFIED INC CLASS A
OMEX,ODYSSEY MARINE EXPLORATION INC
CLPT,CLEARPOINT NEURO INC
NWHM,NEW HOME INC
NINE,NINE ENERGY SERVICE INC
AQMS,AQUA METALS INC
LPTH,LIGHTPATH TECHNOLOGIES INC CLASS A
ARC,ARC DOCUMENT SOLUTIONS INC
AVEO,AVEO PHARMACEUTICALS INC
TRVI,TREVI THERAPEUTICS INC
EOLS,EVOLUS INC
ACOR,ACORDA THERAPEUTICS INC
EYEN,EYENOVIA INC
LTRX,LANTRONIX INC
TUSK,MAMMOTH ENERGY SERVICES INC
DYAI,DYADIC INTERNATIONAL INC
RMCF,ROCKY MOUNTAIN CHOCOLATE FACTORY I
CSSE,CHICKEN SOUP FOR THE SOUL ENTERTAI
SRAX,SRAX INC CLASS A
MARK,REMARK HOLDINGS INC
GIFI,GULF ISLAND FABRICATION INC
AEHR,AEHR TEST SYSTEMS
SANW,S&W SEED
VNRX,VOLITIONRX LTD
DAIO,DATA I O CORP
CPIX,CUMBERLAND PHARMACEUTICALS INC
SNGX,SOLIGENIX INC
FRAF,FRANKLIN FINANCIAL SERVICES CORP
ANIX,ANIXA BIOSCIENCES INC
SGMA,SIGMATRON INTERNATIONAL INC
HQI,HIREQUEST INC
HDSN,HUDSON TECHNOLOGIES INC
CVU,CPI AEROSTRUCTURES INC
NAVB,NAVIDEA BIOPHARMACEUTICALS INC
CFFI,C AND F FINANCIAL CORP
RBKB,RHINEBECK BANCORP INC
CTIC,CTI BIOPHARMA CORP
VTSI,VIRTRA INC
OPNT,OPIANT PHARMACEUTICALS INC
USWS,US WELL SERVICES INC CLASS A
PRCP,PERCEPTRON INC
INTT,INTEST CORP
ZN,ZION OIL GAS INC
NL,NL INDUSTRIES INC
EVBN,EVANS BANCORP INC
MNSB,MAINSTREET BANCSHARES INC
MHLD,MAIDEN HOLDINGS LTD
VUZI,VUZIX CORP
ISNS,IMAGE SENSING SYSTEMS INC
PHUN,PHUNWARE INC
BGFV,BIG SPORTING GOODS CORP
TFFP,TFF PHARMACEUTICALS INC
SESN,SESEN BIO INC
AHC,A H BELO CORP SERIES A
SYNC,SYNACOR INC
BBQ,BBQ HOLDINGS INC
CHRA,CHARAH SOLUTIONS INC
CBL,CBL AND ASSOCIATES PROPERTIES REIT
TLRD,TAILORED BRANDS INC
KFS,KINGSWAY FINANCIAL SERVICES INC
NTWK,NETSOL TECHNOLOGIES INC
STCN,STEEL CONNECT INC
CIZN,CITIZENS HOLDING
CFBI,COMMUNITY FIRST BANCSHARES INC
ARAV,ARAVIVE INC
STRM,STREAMLINE HEALTH SOLUTIONS INC
DXLG,DESTINATION XL GROUP INC
PTE,POLARITYTE INC
EMKR,EMCORE CORP
WSTG,WAYSIDE TECHNOLOGY GROUP INC
STKS,ONE GROUP HOSPITALITY INC
CHMG,CHEMUNG FINANCIAL CORP
VERB,VERB TECHNOLOGY COMPANY INC
ALCO,ALICO INC
ONDK,ON DECK CAPITAL INC
FFBW,FFBW INC
NEPH,NEPHROS INC
DVD,DOVER MOTORSPORTS INC
TCFC,COMMUNITY FINANCIAL
PTSI,PAM TRANSPORTATION SERVICES INC
TLF,TANDY LEATHER FACTORY INC
SCX,STARRETT LS CLASS A
JVA,COFFEE HOLDING INC
AP,AMPCO PITTSBURGH CORP
LXU,LSB INDUSTRIES INC
IO,ION GEOPHYSICAL CORP
NBN,NORTHEAST BANK
YGYI,YOUNGEVITY INTERNATIONAL INC
MRBK,MERIDIAN CORP
LWAY,LIFEWAY FOODS INC
CBFV,CB FINANCIAL SERVICES INC
LARK,LANDMARK BANCORP INC
OCC,OPTICAL CABLE CORP
HSON,HUDSON GLOBAL INC
RDVT,RED VIOLET INC
HVBC,HV BANCORP INC
CPSH,CPS TECHNOLOGIES CORP
HBP,HUTTIG BUILDING PRODUCTS INC
VTGN,VISTAGEN THERAPEUTICS INC
CLRO,CLEARONE INC
CERC,CERECOR INC
CFBK,CENTRAL FEDERAL CORP
GNLN,GREENLANE HOLDINGS INC CLASS A
NTIP,NETWORK TECHNOLOGIES INC
ICBK,COUNTY BANCORP INC
NEON,NEONODE INC
PFIE,PROFIRE ENERGY INC
PFMT,PERFORMANT FINANCIAL CORP
MPX,MARINE PRODUCTS CORP
SCPH,SCPHARMACEUTICALS INC
VIRC,VIRCO MANUFACTURING CORP
GMO,GENERAL MOLY INC
TTOO,T2 BIOSYSTEMS INC
SD,SANDRIDGE ENERGY INC
AEY,ADDVANTAGE TECHNOLOGIES GROUP INC
CDOR,CONDOR HOSPITALITY TRUST INC
KERN,AKERNA CORP
LUB,LUBYS INC
SAVA,CASSAVA SCIENCES INC
LMB,LIMBACH HOLDINGS INC
SOHO,SOTHERLY HOTELS REIT INC
CVV,CVD EQUIPMENT CORP
CRIS,CURIS INC
FOR,FORESTAR GROUP INC
VXRT,VAXART INC
RNET,RIGNET INC
CIDM,CINEDIGM CORP CLASS A
LRMR,LARIMAR THERAPEUTICS INC
UNB,UNION BANKSHARES INC
WTT,WIRELESS TELECOM GROUP INC
EBMT,EAGLE BANCORP MONTANA INC
TRMT,TREMONT MORTGAGE TRUST
FPAY,FLEXSHOPPER INC
ENG,ENGLOBAL CORP
GEN,GENESIS HEALTHCARE INC CLASS A
MPB,MID PENN BANCORP INC
CTHR,CHARLES COLVARD LTD
BYFC,BROADWAY FINANCIAL CORP
IBIO,IBIO INC
PEBK,PEOPLES BANCORP OF NORTH CAROLINA
VTVT,VTV THERAPEUTICS INC CLASS A
CMCT,CIM COMMERICAL TRUST CORP
BKSC,BANK OF SOUTH CAROLINA
IRIX,IRIDEX CORP
SLGG,SUPER LEAGUE GAMING
IGC,INDIA GLOBALIZATION CAPITAL INC
MWK,MOHAWK GROUP HOLDINGS INC
IDRA,IDERA PHARMACEUTICALS INC
BCOW,1895 BANCORP OF WISCONSIN INC
AE,ADAMS RESOURCES AND ENERGY INC
PANL,PANGAEA LOGISTICS SOLUTIONS LTD
RIOT,RIOT BLOCKCHAIN INC
RESN,RESONANT INC
MBII,MARRONE BIO INNOVATIONS INC
FTEK,FUEL TECH INC
OSS,ONE STOP SYSTEMS INC
ACU,ACME UNITED CORP
EYPT,EYEPOINT PHARMACEUTICALS INC
METC,RAMACO RESOURCES INC
MLSS,MILESTONE SCIENTIFIC INC
OVBC,OHIO VALLEY BANC CORP
NC,NACCO INDUSTRIES INC CLASS A
ASNA,ASCENA RETAIL GROUP INC
ECOR,ELECTROCORE
NNVC,NANOVIRICIDES INC
BXRX,BAUDAX BIO INC
IROQ,IF BANCORP INC
OPOF,OLD POINT FINANCIAL CORP
TTPH,TETRAPHASE PHARMACEUTICALS INC
NEXT,NEXTDECADE CORP
GEC,GREAT ELM CAPITAL GROUP INC
EMAN,EMAGIN CORP
UBOH,UNITED BANCSHARES INC
DXYN,DIXIE GROUP INC CLASS A
HMNF,HMN FINANCIAL INC
TLGT,TELIGENT INC
CLBS,CALADRIUS BIOSCIENCES INC
PNRG,PRIMEENERGY RESOURCES CORP
FBSS,FAUQUIER BANKSHARES INC
GFED,GUARANTY FEDERAL BANCSHARES INC
MIND,MITCHAM INDUSTRIES INC
SHLO,SHILOH INDUSTRIES INC
INBK,FIRST INTERNET BANCORP
SBFG,SB FINANCIAL GROUP INC
AESE,ALLIED ESPORTS ENTERTAINMENT INC
PRTH,PRIORITY TECHNOLOGY HOLDINGS INC
BH,BIGLARI HOLDINGS INCINARY CLASS B
AZRX,AZURRX BIOPHARMA INC
INMB,INMUNE BIO INC
FRAN,FRANCESCAS HOLDINGS CORP
BTN,BALLANTYNE STRONG INC
EDUC,EDUCATIONAL DEVELOPMENT CORP
ICCH,ICC HOLDINGS INC
FSEA,FIRST SEACOAST BANCORP
AMRK,A MARK PRECIOUS METALS INC
HBMD,HOWARD BANCORP INC
SBBX,SB ONE BANCORP
BSQR,BSQUARE CORP
GCBC,GREENE COUNTY BANCORP INC
CSU,CAPITAL SENIOR LIVING CORP
NHLD,NATIONAL HOLDINGS CORP
GTNA,GRAY TELEVISION INC CLASS A
CLUB,TOWN SPORTS INTERNATIONAL HOLDINGS
CTRA,CONTURA ENERGY INC
PPSI,PIONEER POWER SOLUTIONS INC
EVOL,EVOLVING SYSTEMS INC
VTNR,VERTEX ENERGY INC
XPL,SOLITARIO ZINC CORP
HNRG,HALLADOR ENERGY
MSN,EMERSON RADIO CORP
OEG US,ORBITAL ENERGY GROUP INC
MICT,MICT INC
VOLT,VOLT INFORMATION SCIENCES INC
QRHC,QUEST RESOURCE HOLDING CORP
VCNX,VACCINEX INC
JILL,J JILL INC
XFOR,X4 PHARMACEUTICALS INC
APVO,APTEVO THERAPEUTICS INC
GTIM,GOOD TIMES RESTAURANTS INC
ZDGE,ZEDGE INC CLASS B
MBCN,MIDDLEFIELD BANC CORP
OTEL,OTELCO INC CLASS A
CTEK,CYNERGISTEK INC
AIRI,AIR INDUSTRIES GROUP
FNJN,FINJAN HOLDINGS INC
VVUS,VIVUS INC
FORD,FORWARD INDUSTRIES INC
BRID,BRIDGFORD FOODS CORP
RAIL,FREIGHTCAR AMERICA INC
NMTR,9 METERS BIOPHARMA INC
MOTS,MOTUS GI HOLDINGS INC
ATNM,ACTINIUM PHARMACEUTICALS INC
PDEX,PRO DEX INC
OBCI,OCEAN BIO CHEM INC
QUIK,QUICKLOGIC CORP
RNGR,RANGER ENERGY SERVICES INC
IMH,IMPAC MORTGAGE HOLDINGS INC
ESP,ESPEY MANUFACTURING AND ELECTRONIC
EQ,EQUILLIUM INC
NTIC,NORTHERN TECHNOLOGIES INTERNATIONA
RCMT,RCM TECHNOLOGIES INC
SYPR,SYPRIS SOLUTIONS INC
JAKK,JAKKS PACIFIC INC
SALM,SALEM MEDIA GROUP INC CLASS A
FTSI,FTS INTERNATIONAL INC
AUTO,AUTOWEB INC
AMTX,AEMETIS INC
BH A,BIGLARI HOLDINGS INC CLASS A
SFBC,SOUND FINANCIAL BANCORP INC
HFBL,HOME FEDERAL BANCORP INC
SOLY,SOLITON INC
CPHC,CANTERBURY PARK HOLDING CORP
REED,REEDS INC
BWLA,BOWL AMERICA INC CLASS A
RBCN,RUBICON TECHNOLOGY INC
PBHC,PATHFINDER BANCORP INC
NBSE,NEUBASE THERAPEUTICS INC
WSTL,WESTELL TECHNOLOGIES INC CLASS A
ALPN,ALPINE IMMUNE SCIENCES INC
TAYD,TAYLOR DEVICES INC
ESBK,ELMIRA SAVINGS BANK
MFNC,MACKINAC FINANCIAL CORP
IZEA,IZEA WORLDWIDE INC
ARL,AMERICAN REALTY INVESTORS INC
BOTJ,BANK OF THE JAMES FINANCIAL GROUP
QADB,QAD INC CLASS B
NOVN,NOVAN INC
TCI,TRANSCONTINENTAL REALTY INVESTORS
SPRT,SUPPORT COM INC
PZG,PARAMOUNT GOLD NEVADA CORP
SAL,SALISBURY BANCORP INC
LSBK,LAKE SHORE BANCORP INC
SSBI,SUMMIT STATE BANK
SUMR,SUMMER INFANT INC
EAST,EASTSIDE DISTILLING INC
GVP,GSE SYSTEMS INC
EFOI,ENERGY FOCUS INC
FSFG,FIRST SAVINGS FINANCIAL GROUP INC
INUV,INUVO INC
IMBI,IMEDIA BRANDS INC CLASS A
PTI,PROTEOSTASIS THERAPEUTICS INC
JRSH,JERASH HOLDINGS US INC
OSG,OVERSEAS SHIPHOLDING GROUP INC CLA
UONE,URBAN ONE INC CLASS A
ENT,GLOBAL EAGLE ENTERTAINMENT INC
SNOA,SONOMA PHARMACEUTICALS INC
DRAD,DIGIRAD CORP
JCTCF,JEWETT CAMERON TRADING LTD
ASTC,ASTROTECH CORP
HTGM,HTG MOLECULAR DIAGNOSTICS INC
HUSA,HOUSTON AMERICAN ENERGY CORP
ICCC,IMMUCELL CORP
IPWR,IDEAL POWER INC
HSTO,HISTOGEN INC
ADMP,ADAMIS PHARMACEUTICALS CORP
MTEX,MANNATECH INC
AFH,ATLAS FINANCIAL HOLDINGS INC
CPST,CAPSTONE TURBINE CORP
IMUX,IMMUNIC INC
SQBG,SEQUENTIAL BRANDS GROUP INC
EYES,SECOND SIGHT MEDICAL PRODUCTS INC
DSS,DOCUMENT SECURITY SYSTEM INC
LOAN,MANHATTAN BRIDGE CAPITAL INC
SENEB,SENECA FOODS CORP CLASS B
CRVS,CORVUS PHARMACEUTICALS INC
AIRT,AIR T INC
VNCE,VINCE HOLDING CORP
TARA,PROTARA THERAPEUTICS INC
MDIA,MEDIACO HOLDING INC CLASS A
WVVI,WILLAMETTE VALLEY VINEYARDS INC
ALJJ,ALJ REGIONAL INC
VALU,VALUE LINE INC
GLBZ,GLEN BURIE BANCORP
AGE,AGEX THERAPEUTICS INC
EMCF,EMCLAIRE FINANCIAL CORP
SDPI,SUPERIOR DRILLING PRODUCTS INC
SGRP,SPAR GROUP INC
NVFY,NOVA LIFESTYLE INC
CSPI,CSP INC
OFED,OCONEE FEDERAL FINANCIAL CORP
CZWI,CITIZENS COMMUNITY BANCORP INC
QES,QUINTANA ENERGY SERVICES INC
KFFB,KENTUCKY FIRST FEDERAL BANCORP
HHS,HARTE HANKS INC
ISIG,INSIGNIA SYSTEMS INC
LMST,LIMESTONE BANCORP INC
PATI,PATRIOT TRANSPORTATION HOLDING INC
CLIR,CLEARSIGN TECHNOLOGIES CORP
RIBT,RICEBRAN TECHNOLOGIES
LIVE,LIVE VENTURES INC
NAII,NATURAL ALTERNATIVES INTERNATIONAL
FLL,FULL HOUSE RESORTS INC
MGYR,MAGYAR BANCORP INC
COHN,COHEN COMPANY INC
PW,POWER REIT
DLHC,DLH HOLDINGS CORP
TRXC,TRANSENTERIX INC
TH,TARGET HOSPITALITY CORP
TGLS,TECNOGLASS INC
ICON,ICONIX BRAND GROUP INC
BBGI,BEASLEY BROADCAST GROUP INC CLASS
SLNO,SOLENO THERAPEUTICS INC
IOR,INCOME OPPORTUNITY REALTY TRUST IN
ALT,ALTIMMUNE INC
BPTH,BIO PATH HOLDINGS INC
SUNW,SUNWORKS INC
GWGH,GWG HOLDINGS INC
SSKN,STRATA SKIN SCIENCES INC
AMS,AMERICAN SHARED HOSPITAL SERVICES
BIOC,BIOCEPT INC
WHLR,WHEELER REIT INC TRUST
GTXI,GTXI INC - CVR
APEX,APEX GLOBAL BRANDS INC
CBLI,CLEVELAND BIOLABS INC
SMIT,SCHMITT INDUSTRIES INC
LIFE,ATYR PHARMA INC
CLSN,CELSION CORP
CKX,CKX LANDS INC
ELGX,ENDOLOGIX INC
OBLG,OBLONG INC
CYAN,CYANOTECH CORP
ONCT,ONCTERNAL THERAPEUTICS INC
SVRA,SAVARA INC
USIO,USIO INC
CNFR,CONIFER HOLDINGS INC
LTBR,LIGHTBRIDGE CORP
TAIT,TAITRON COMPONENTS INC CLASS A
MRIN,MARIN SOFTWARE INC
MAYS,JW MAYS INC
MLND,MILLENDO THERAPEUTICS INC
SNSS,SUNESIS PHARMACEUTICALS INC
RTWI,RTW RETAILWINDS INC
UFAB,UNIQUE FABRICATING INC
QLGN,QUALIGEN THERAPEUTICS INC
BELFA,BEL FUSE INC CLASS A
ONCS,ONCOSEC MEDICAL INC
KEQU,KEWAUNEE SCIENTIFIC CORP
SIF,SIFCO INDUSTRIES INC
RAVE,RAVE RESTAURANT GROUP INC
CVR,CHICAGO RIVET AND MACHINE
CAPR,CAPRICOR THERAPEUTICS INC
DGLY,DIGITAL ALLY INC
TWMC,TRANS WORLD ENTERTAINMENT CORP
WVFC,WVS FINANCIAL CORP
PTVCA,PROTECTIVE INSURANCE CORP CLASS A
APDN,APPLIED DNA SCIENCES INC
BDL,FLANIGANS ENTERPRISES INC
REXN,REXAHN PHARMACEUTICALS INC
ICD,INDEPENDENCE CONTRACT DRILLING INC
HNR,HARVEST NATURAL RESOURCES INC
DIT,AMCON DISTRIBUTING
BIOL,BIOLASE TECHNOLOGY INC
CATB,CATABASIS PHARMACEUTICALS INC
AINC,ASHFORD INC
USEG,US ENERGY CORP
GNCA,GENOCEA BIOSCIENCES INC
UNAM,UNICO AMERICAN CORP
PFIN,P AND F INDUSTRIES INC CLASS A
AXR,AMREP CORP
ISDR,ISSUER DIRECT CORP
VBFC,VILLAGE BANK AND TRUST FINANCIAL C
INTG,INTERGROUP CORP
ENSV,ENSERVCO CORP
ARKR,ARK RESTAURANTS CORP
MDLY,MEDLEY MANAGEMENT INC CLASS A
CIX,COMPX INTERNATIONAL INC
LODE,COMSTOCK MINING INC
LGL,LGL GROUP INC
NSEC,NATIONAL SECURITY GROUP INC
LAN,LANTHEUS HOLDINGS INC CVR
--,OCCIDENTAL PETROLEUM CORP
FAU0,S&P MID 400 EMINI SEP 20
ESU0,S&P500 EMINI SEP 20
--,GENVEC INC (CONTINGENT PAYMENT RIG
--,AMERGENT HOSPITALITY GROUP INC
--,AQUAMED TECHNOLOGIES INC
CLMS,CALAMOS ASSET MANAGEMENT INC. SHS Prvt
CEI,CAMBER ENERGY INC
INPX,INPIXON
ROKA,SORRENTO TECH INC
OPGN,OPGEN INC
HOTH,HOTH THERAPEUTICS INC
AVGR,AVINGER INC
TNXP,TONIX PHARMACEUTICALS HOLDING CORP
AIII,ACRE REALTY INVESTORS INC
SLS,SELLAS LIFE SCIENCES GROUP INC
POAI,PREDICTIVE ONCOLOGY INC
AKER,AKERS BIOSCIENCES INC
OPTT,OCEAN POWER TECHNOLOGIES INC
VISL,VISLINK TECHNOLOGIES INC
SMRT,STEIN MART INC
SCON,SUPERCONDUCTOR TECHNOLOGIES INC
PHIO,PHIO PHARMACEUTICALS CORP
ONTX,ONCONOVA THERAPEUTICS INC
ARMP,ARMATA PHARMACEUTICALS INC
NURO,NEUROMETRIX INC
PSTV,PLUS THERAPEUTICS INC
SEEL,SEELOS THERAPEUTICS
NVIV,INVIVO THERAPEUTICS HOLDINGS CORP
OCGN,OCUGEN INC
SINT,SINTX TECHNOLOGIES INC
PULM,PULMATRIX INC
WWR,WESTWATER RESOURCES INC
TMBR,TIMBER PHARMACEUTICALS INC
YTEN,YIELD10 BIOSCIENCE INC
SEEL,SEELOS THERAPEUTICS INC
AIKI,AIKIDO PHARMA INC
JAGX,JAGUAR HEALTH INC
OMED,ONCOMED PHARMACEUTICALS INC
SNCA,SENECA BIOPHARMA INC
FARM,FARMER BROTHERS
CLRB,CELLECTAR BIOSCIENCES INC
NGS,NATURAL GAS SERVICES GROUP INC
XTNT,XTANT MEDICAL HOLDINGS INC
MBOT,MICROBOT MEDICAL INC
APEN,APOLLO ENDOSURGERY INC
MGEN,MIRAGEN THERAPEUTICS INC
NXTD,NXT ID INC
CULP,CULP INC
SONN,SONNET BIOTHERAPEUTICS HOLDINGS IN
THMO,THERMOGENESIS HOLDINGS INC
NVUS,NOVUS THERAPEUTICS INC
PDIIUS,INTERPACE BIOSCIENCES INC
ZSAN,ZOSANO PHARMA CORP
CYCC,CYCLACEL PHARMACEUTICALS INC
PRPH,PROPHASE LABS INC
FLXS,FLEXSTEEL INDUSTRIES INC
GEVO,GEVO INC
ATOS,ATOSSA THERAPEUTICS INC
EYEG,EYEGATE PHARMACEUTICALS INC
BFIN,BANKFINANCIAL CORP
CBIO,CATALYST BIOSCIENCES INC
XELB,XCEL BRANDS INC
MARA,MARATHON PATENT GROUP INC
AOSL,ALPHA AND OMEGA SEMICONDUCTOR LTD
ABIO,ARCA BIOPHARMA INC
HBB,HAMILTON BEACH BRANDS HOLDING COMP
PNBK,PATRIOT NATIONAL BANCORP INC
HEPA,HEPION PHARMACEUTICALS INC
HTBX,HEAT BIOLOGICS INC
XSPA,XPRESSPA GROUP INC
MYOS,MYOS RENS TECHNOLOGY INC
MOSY,MOSYS INC
NETE,NET ELEMENT INC
TTNP,TITAN PHARMACEUTICALS INC
SYN,SYNTHETIC BIOLOGICS INC
JAN,JANONE INC
PDSB,PDS BIOTECHNOLOGY CORP
TENX,TENAX THERAPEUTICS INC
UUU,UNIVERSAL SECURITY INSTRUMENTS INC
DARE,DARE BIOSCIENCE INC
ADXS,ADVAXIS INC
BRN,BARNWELL INDUSTRIES INC
OGEN,ORAGENICS INC
NTN,NTN BUZZTIME INC
CTIB,YUNHONG CTI LTD
CUO,CONTINENTAL MATERIALS CORP
CHCI,COMSTOCK HOLDING COMPANIES INC CLA
IDSA,RECYCLING ASSET HOLDINGS INC ESC
ACY,AEROCENTURY CORP
CGIX,CANCER GENETICS INC
LMFA,LM FUNDING AMERICA INC
NBY,NOVABAY PHARMACEUTICALS INC
AQB,AQUABOUNTY TECHNOLOGIES INC
AEMD,AETHLON MEDICAL INC
ARTW,ARTS WAY MANUFACTURING INC
ELSE,ELECTRO SENSORS INC
ACHV,ACHIEVE LIFE SCIENCES INC
IKNX,IKONICS CORP
RKDA,ARCADIA BIOSCIENCES INC
SVT,SERVOTRONICS INC
PED,PEDEVCO CORP
OCX,ONCOCYTE CORP
CRDF,CARDIFF ONCOLOGY INC
BBI,BRICKELL BIOTECH INC
RELV,RELIV INTERNATIONAL INC
TRT,TRIO TECH INTERNATIONAL
SYBX,SYNLOGIC INC
--,QUALIGEN THERAPEUTICS INC - CVR
RGLS,REGULUS THERAPEUTICS INC
PLXP,PLX PHARMA INC
AIM,AIM IMMUNOTECH INC
CETX,CEMTREX INC
JOB,GEE GROUP INC
WHLM,WILHELMINA INTERNATIONAL INC
ACER,ACER THERAPEUTICS INC
RHE,REGIONAL HEALTH PROPERTIES INC
TCON,TRACON PHARMACEUTICALS INC
SLRX,SALARIUS PHARMACEUTICALS INC
AAME,ATLANTIC AMERICAN CORP
--,SAEXPLORATION HOLDINGS A WTS
--,SAEXPLORATION HOLDINGS B WTS
--,BIOLASE TECHNOLOGY INC
--,FLEX PHARMA INC
EEX,EMERALD HOLDINGS RIGHTS